Date,EFFR
1/2/2018,1.42
1/3/2018,1.42
1/4/2018,1.42
1/5/2018,1.42
1/8/2018,1.42
1/9/2018,1.42
1/10/2018,1.42
1/11/2018,1.42
1/12/2018,1.42
1/15/2018,
1/16/2018,1.42
1/17/2018,1.42
1/18/2018,1.42
1/19/2018,1.42
1/22/2018,1.42
1/23/2018,1.42
1/24/2018,1.42
1/25/2018,1.42
1/26/2018,1.42
1/29/2018,1.42
1/30/2018,1.42
1/31/2018,1.34
2/1/2018,1.42
2/2/2018,1.42
2/5/2018,1.42
2/6/2018,1.42
2/7/2018,1.42
2/8/2018,1.42
2/9/2018,1.42
2/12/2018,1.42
2/13/2018,1.42
2/14/2018,1.42
2/15/2018,1.42
2/16/2018,1.42
2/19/2018,
2/20/2018,1.42
2/21/2018,1.42
2/22/2018,1.42
2/23/2018,1.42
2/26/2018,1.42
2/27/2018,1.42
2/28/2018,1.35
3/1/2018,1.42
3/2/2018,1.42
3/5/2018,1.42
3/6/2018,1.42
3/7/2018,1.42
3/8/2018,1.42
3/9/2018,1.42
3/12/2018,1.42
3/13/2018,1.42
3/14/2018,1.42
3/15/2018,1.43
3/16/2018,1.43
3/19/2018,1.43
3/20/2018,1.44
3/21/2018,1.44
3/22/2018,1.68
3/23/2018,1.68
3/26/2018,1.68
3/27/2018,1.68
3/28/2018,1.68
3/29/2018,1.68
3/30/2018,1.67
4/2/2018,1.68
4/3/2018,1.69
4/4/2018,1.69
4/5/2018,1.69
4/6/2018,1.69
4/9/2018,1.69
4/10/2018,1.69
4/11/2018,1.69
4/12/2018,1.69
4/13/2018,1.69
4/16/2018,1.69
4/17/2018,1.69
4/18/2018,1.69
4/19/2018,1.69
4/20/2018,1.7
4/23/2018,1.7
4/24/2018,1.7
4/25/2018,1.7
4/26/2018,1.7
4/27/2018,1.7
4/30/2018,1.69
5/1/2018,1.7
5/2/2018,1.7
5/3/2018,1.7
5/4/2018,1.7
5/7/2018,1.7
5/8/2018,1.7
5/9/2018,1.7
5/10/2018,1.7
5/11/2018,1.7
5/14/2018,1.7
5/15/2018,1.7
5/16/2018,1.7
5/17/2018,1.7
5/18/2018,1.7
5/21/2018,1.7
5/22/2018,1.7
5/23/2018,1.7
5/24/2018,1.7
5/25/2018,1.7
5/28/2018,
5/29/2018,1.7
5/30/2018,1.7
5/31/2018,1.7
6/1/2018,1.7
6/4/2018,1.7
6/5/2018,1.7
6/6/2018,1.7
6/7/2018,1.7
6/8/2018,1.7
6/11/2018,1.7
6/12/2018,1.7
6/13/2018,1.7
6/14/2018,1.9
6/15/2018,1.9
6/18/2018,1.9
6/19/2018,1.91
6/20/2018,1.92
6/21/2018,1.92
6/22/2018,1.92
6/25/2018,1.92
6/26/2018,1.92
6/27/2018,1.91
6/28/2018,1.91
6/29/2018,1.91
7/2/2018,1.91
7/3/2018,1.91
7/4/2018,
7/5/2018,1.91
7/6/2018,1.91
7/9/2018,1.91
7/10/2018,1.91
7/11/2018,1.91
7/12/2018,1.91
7/13/2018,1.91
7/16/2018,1.91
7/17/2018,1.91
7/18/2018,1.91
7/19/2018,1.91
7/20/2018,1.91
7/23/2018,1.91
7/24/2018,1.91
7/25/2018,1.91
7/26/2018,1.91
7/27/2018,1.91
7/30/2018,1.91
7/31/2018,1.91
8/1/2018,1.91
8/2/2018,1.91
8/3/2018,1.91
8/6/2018,1.91
8/7/2018,1.91
8/8/2018,1.91
8/9/2018,1.91
8/10/2018,1.91
8/13/2018,1.91
8/14/2018,1.91
8/15/2018,1.91
8/16/2018,1.92
8/17/2018,1.92
8/20/2018,1.92
8/21/2018,1.92
8/22/2018,1.92
8/23/2018,1.92
8/24/2018,1.92
8/27/2018,1.92
8/28/2018,1.92
8/29/2018,1.92
8/30/2018,1.92
8/31/2018,1.91
9/3/2018,
9/4/2018,1.92
9/5/2018,1.92
9/6/2018,1.92
9/7/2018,1.92
9/10/2018,1.92
9/11/2018,1.92
9/12/2018,1.92
9/13/2018,1.92
9/14/2018,1.92
9/17/2018,1.92
9/18/2018,1.92
9/19/2018,1.92
9/20/2018,1.92
9/21/2018,1.92
9/24/2018,1.93
9/25/2018,1.93
9/26/2018,1.93
9/27/2018,2.18
9/28/2018,2.18
10/1/2018,2.18
10/2/2018,2.18
10/3/2018,2.18
10/4/2018,2.18
10/5/2018,2.18
10/8/2018,
10/9/2018,2.18
10/10/2018,2.18
10/11/2018,2.18
10/12/2018,2.18
10/15/2018,2.18
10/16/2018,2.18
10/17/2018,2.19
10/18/2018,2.19
10/19/2018,2.19
10/22/2018,2.19
10/23/2018,2.2
10/24/2018,2.2
10/25/2018,2.2
10/26/2018,2.2
10/29/2018,2.2
10/30/2018,2.2
10/31/2018,2.2
11/1/2018,2.2
11/2/2018,2.19
11/5/2018,2.2
11/6/2018,2.2
11/7/2018,2.2
11/8/2018,2.2
11/9/2018,2.19
11/12/2018,
11/13/2018,2.2
11/14/2018,2.2
11/15/2018,2.2
11/16/2018,2.2
11/19/2018,2.2
11/20/2018,2.2
11/21/2018,2.2
11/22/2018,
11/23/2018,2.2
11/26/2018,2.2
11/27/2018,2.2
11/28/2018,2.2
11/29/2018,2.2
11/30/2018,2.2
12/3/2018,2.19
12/4/2018,2.2
12/5/2018,2.2
12/6/2018,2.2
12/7/2018,2.19
12/10/2018,2.2
12/11/2018,2.19
12/12/2018,2.19
12/13/2018,2.19
12/14/2018,2.19
12/17/2018,2.2
12/18/2018,2.2
12/19/2018,2.2
12/20/2018,2.4
12/21/2018,2.4
12/24/2018,2.4
12/25/2018,
12/26/2018,2.4
12/27/2018,2.4
12/28/2018,2.4
12/31/2018,2.4
1/1/2019,
1/2/2019,2.4
1/3/2019,2.4
1/4/2019,2.4
1/7/2019,2.4
1/8/2019,2.4
1/9/2019,2.4
1/10/2019,2.4
1/11/2019,2.4
1/14/2019,2.4
1/15/2019,2.4
1/16/2019,2.4
1/17/2019,2.4
1/18/2019,2.4
1/21/2019,
1/22/2019,2.4
1/23/2019,2.4
1/24/2019,2.4
1/25/2019,2.4
1/28/2019,2.4
1/29/2019,2.4
1/30/2019,2.4
1/31/2019,2.4
2/1/2019,2.4
2/4/2019,2.4
2/5/2019,2.4
2/6/2019,2.4
2/7/2019,2.4
2/8/2019,2.4
2/11/2019,2.4
2/12/2019,2.4
2/13/2019,2.4
2/14/2019,2.4
2/15/2019,2.4
2/18/2019,
2/19/2019,2.4
2/20/2019,2.4
2/21/2019,2.4
2/22/2019,2.4
2/25/2019,2.4
2/26/2019,2.4
2/27/2019,2.4
2/28/2019,2.4
3/1/2019,2.4
3/4/2019,2.4
3/5/2019,2.4
3/6/2019,2.4
3/7/2019,2.4
3/8/2019,2.4
3/11/2019,2.4
3/12/2019,2.4
3/13/2019,2.4
3/14/2019,2.4
3/15/2019,2.4
3/18/2019,2.4
3/19/2019,2.4
3/20/2019,2.41
3/21/2019,2.41
3/22/2019,2.41
3/25/2019,2.4
3/26/2019,2.4
3/27/2019,2.41
3/28/2019,2.41
3/29/2019,2.43
4/1/2019,2.41
4/2/2019,2.41
4/3/2019,2.41
4/4/2019,2.41
4/5/2019,2.41
4/8/2019,2.41
4/9/2019,2.41
4/10/2019,2.41
4/11/2019,2.41
4/12/2019,2.41
4/15/2019,2.41
4/16/2019,2.41
4/17/2019,2.42
4/18/2019,2.43
4/19/2019,2.44
4/22/2019,2.44
4/23/2019,2.44
4/24/2019,2.44
4/25/2019,2.44
4/26/2019,2.44
4/29/2019,2.45
4/30/2019,2.45
5/1/2019,2.45
5/2/2019,2.41
5/3/2019,2.4
5/6/2019,2.4
5/7/2019,2.4
5/8/2019,2.39
5/9/2019,2.38
5/10/2019,2.38
5/13/2019,2.38
5/14/2019,2.38
5/15/2019,2.4
5/16/2019,2.39
5/17/2019,2.39
5/20/2019,2.39
5/21/2019,2.39
5/22/2019,2.38
5/23/2019,2.38
5/24/2019,2.38
5/27/2019,
5/28/2019,2.39
5/29/2019,2.39
5/30/2019,2.39
5/31/2019,2.4
6/3/2019,2.38
6/4/2019,2.38
6/5/2019,2.38
6/6/2019,2.37
6/7/2019,2.37
6/10/2019,2.37
6/11/2019,2.37
6/12/2019,2.37
6/13/2019,2.37
6/14/2019,2.36
6/17/2019,2.38
6/18/2019,2.37
6/19/2019,2.37
6/20/2019,2.37
6/21/2019,2.38
6/24/2019,2.38
6/25/2019,2.38
6/26/2019,2.38
6/27/2019,2.38
6/28/2019,2.4
7/1/2019,2.39
7/2/2019,2.4
7/3/2019,2.41
7/4/2019,
7/5/2019,2.42
7/8/2019,2.41
7/9/2019,2.41
7/10/2019,2.41
7/11/2019,2.4
7/12/2019,2.38
7/15/2019,2.4
7/16/2019,2.41
7/17/2019,2.41
7/18/2019,2.41
7/19/2019,2.41
7/22/2019,2.4
7/23/2019,2.4
7/24/2019,2.4
7/25/2019,2.4
7/26/2019,2.4
7/29/2019,2.4
7/30/2019,2.39
7/31/2019,2.4
8/1/2019,2.14
8/2/2019,2.14
8/5/2019,2.13
8/6/2019,2.13
8/7/2019,2.12
8/8/2019,2.12
8/9/2019,2.12
8/12/2019,2.12
8/13/2019,2.12
8/14/2019,2.12
8/15/2019,2.13
8/16/2019,2.13
8/19/2019,2.13
8/20/2019,2.13
8/21/2019,2.12
8/22/2019,2.12
8/23/2019,2.12
8/26/2019,2.12
8/27/2019,2.12
8/28/2019,2.12
8/29/2019,2.12
8/30/2019,2.13
9/2/2019,
9/3/2019,2.13
9/4/2019,2.13
9/5/2019,2.13
9/6/2019,2.12
9/9/2019,2.13
9/10/2019,2.13
9/11/2019,2.13
9/12/2019,2.13
9/13/2019,2.14
9/16/2019,2.25
9/17/2019,2.3
9/18/2019,2.25
9/19/2019,1.9
9/20/2019,1.9
9/23/2019,1.9
9/24/2019,1.9
9/25/2019,1.9
9/26/2019,1.85
9/27/2019,1.83
9/30/2019,1.9
10/1/2019,1.88
10/2/2019,1.85
10/3/2019,1.83
10/4/2019,1.82
10/7/2019,1.82
10/8/2019,1.82
10/9/2019,1.82
10/10/2019,1.82
10/11/2019,1.82
10/14/2019,
10/15/2019,1.9
10/16/2019,1.9
10/17/2019,1.85
10/18/2019,1.85
10/21/2019,1.85
10/22/2019,1.85
10/23/2019,1.85
10/24/2019,1.85
10/25/2019,1.83
10/28/2019,1.83
10/29/2019,1.82
10/30/2019,1.82
10/31/2019,1.58
11/1/2019,1.57
11/4/2019,1.56
11/5/2019,1.56
11/6/2019,1.55
11/7/2019,1.55
11/8/2019,1.55
11/11/2019,
11/12/2019,1.55
11/13/2019,1.55
11/14/2019,1.55
11/15/2019,1.55
11/18/2019,1.55
11/19/2019,1.55
11/20/2019,1.55
11/21/2019,1.55
11/22/2019,1.55
11/25/2019,1.55
11/26/2019,1.55
11/27/2019,1.55
11/28/2019,
11/29/2019,1.56
12/2/2019,1.56
12/3/2019,1.55
12/4/2019,1.55
12/5/2019,1.55
12/6/2019,1.55
12/9/2019,1.55
12/10/2019,1.55
12/11/2019,1.55
12/12/2019,1.55
12/13/2019,1.55
12/16/2019,1.56
12/17/2019,1.55
12/18/2019,1.55
12/19/2019,1.55
12/20/2019,1.55
12/23/2019,1.55
12/24/2019,1.55
12/25/2019,
12/26/2019,1.55
12/27/2019,1.55
12/30/2019,1.55
12/31/2019,1.55
1/1/2020,
1/2/2020,1.55
1/3/2020,1.55
1/6/2020,1.55
1/7/2020,1.55
1/8/2020,1.55
1/9/2020,1.55
1/10/2020,1.54
1/13/2020,1.54
1/14/2020,1.54
1/15/2020,1.54
1/16/2020,1.54
1/17/2020,1.55
1/20/2020,
1/21/2020,1.55
1/22/2020,1.55
1/23/2020,1.55
1/24/2020,1.55
1/27/2020,1.55
1/28/2020,1.55
1/29/2020,1.55
1/30/2020,1.6
1/31/2020,1.59
2/3/2020,1.59
2/4/2020,1.59
2/5/2020,1.59
2/6/2020,1.59
2/7/2020,1.58
2/10/2020,1.58
2/11/2020,1.58
2/12/2020,1.58
2/13/2020,1.58
2/14/2020,1.58
2/17/2020,
2/18/2020,1.59
2/19/2020,1.59
2/20/2020,1.59
2/21/2020,1.58
2/24/2020,1.58
2/25/2020,1.58
2/26/2020,1.58
2/27/2020,1.58
2/28/2020,1.58
3/2/2020,1.59
3/3/2020,1.59
3/4/2020,1.09
3/5/2020,1.09
3/6/2020,1.09
3/9/2020,1.09
3/10/2020,1.09
3/11/2020,1.09
3/12/2020,1.1
3/13/2020,1.1
3/16/2020,0.25
3/17/2020,0.25
3/18/2020,0.25
3/19/2020,0.2
3/20/2020,0.15
3/23/2020,0.15
3/24/2020,0.12
3/25/2020,0.1
3/26/2020,0.1
3/27/2020,0.1
3/30/2020,0.09
3/31/2020,0.08
4/1/2020,0.06
4/2/2020,0.05
4/3/2020,0.05
4/6/2020,0.05
4/7/2020,0.05
4/8/2020,0.05
4/9/2020,0.05
4/10/2020,0.05
4/13/2020,0.05
4/14/2020,0.05
4/15/2020,0.05
4/16/2020,0.05
4/17/2020,0.05
4/20/2020,0.05
4/21/2020,0.05
4/22/2020,0.05
4/23/2020,0.04
4/24/2020,0.05
4/27/2020,0.04
4/28/2020,0.04
4/29/2020,0.04
4/30/2020,0.05
5/1/2020,0.05
5/4/2020,0.05
5/5/2020,0.05
5/6/2020,0.05
5/7/2020,0.05
5/8/2020,0.05
5/11/2020,0.05
5/12/2020,0.05
5/13/2020,0.05
5/14/2020,0.05
5/15/2020,0.05
5/18/2020,0.05
5/19/2020,0.05
5/20/2020,0.05
5/21/2020,0.05
5/22/2020,0.05
5/25/2020,
5/26/2020,0.05
5/27/2020,0.05
5/28/2020,0.05
5/29/2020,0.05
6/1/2020,0.05
6/2/2020,0.06
6/3/2020,0.06
6/4/2020,0.06
6/5/2020,0.07
6/8/2020,0.07
6/9/2020,0.07
6/10/2020,0.08
6/11/2020,0.08
6/12/2020,0.08
6/15/2020,0.09
6/16/2020,0.09
6/17/2020,0.09
6/18/2020,0.09
6/19/2020,0.09
6/22/2020,0.08
6/23/2020,0.08
6/24/2020,0.08
6/25/2020,0.08
6/26/2020,0.08
6/29/2020,0.08
6/30/2020,0.08
7/1/2020,0.08
7/2/2020,0.09
7/3/2020,0.09
7/6/2020,0.09
7/7/2020,0.09
7/8/2020,0.09
7/9/2020,0.09
7/10/2020,0.09
7/13/2020,0.09
7/14/2020,0.09
7/15/2020,0.1
7/16/2020,0.1
7/17/2020,0.09
7/20/2020,0.1
7/21/2020,0.1
7/22/2020,0.09
7/23/2020,0.09
7/24/2020,0.09
7/27/2020,0.1
7/28/2020,0.1
7/29/2020,0.1
7/30/2020,0.1
7/31/2020,0.1
8/3/2020,0.1
8/4/2020,0.1
8/5/2020,0.1
8/6/2020,0.1
8/7/2020,0.1
8/10/2020,0.1
8/11/2020,0.1
8/12/2020,0.1
8/13/2020,0.1
8/14/2020,0.1
8/17/2020,0.1
8/18/2020,0.09
8/19/2020,0.09
8/20/2020,0.09
8/21/2020,0.09
8/24/2020,0.09
8/25/2020,0.09
8/26/2020,0.09
8/27/2020,0.08
8/28/2020,0.09
8/31/2020,0.09
9/1/2020,0.09
9/2/2020,0.09
9/3/2020,0.09
9/4/2020,0.09
9/7/2020,
9/8/2020,0.09
9/9/2020,0.09
9/10/2020,0.09
9/11/2020,0.09
9/14/2020,0.09
9/15/2020,0.09
9/16/2020,0.09
9/17/2020,0.09
9/18/2020,0.09
9/21/2020,0.09
9/22/2020,0.09
9/23/2020,0.09
9/24/2020,0.09
9/25/2020,0.09
9/28/2020,0.09
9/29/2020,0.09
9/30/2020,0.09
10/1/2020,0.09
10/2/2020,0.09
10/5/2020,0.09
10/6/2020,0.09
10/7/2020,0.09
10/8/2020,0.09
10/9/2020,0.09
10/12/2020,
10/13/2020,0.09
10/14/2020,0.09
10/15/2020,0.09
10/16/2020,0.09
10/19/2020,0.09
10/20/2020,0.09
10/21/2020,0.09
10/22/2020,0.09
10/23/2020,0.09
10/26/2020,0.09
10/27/2020,0.09
10/28/2020,0.09
10/29/2020,0.09
10/30/2020,0.09
11/2/2020,0.09
11/3/2020,0.09
11/4/2020,0.09
11/5/2020,0.09
11/6/2020,0.09
11/9/2020,0.09
11/10/2020,0.09
11/11/2020,
11/12/2020,0.09
11/13/2020,0.09
11/16/2020,0.09
11/17/2020,0.09
11/18/2020,0.09
11/19/2020,0.08
11/20/2020,0.08
11/23/2020,0.08
11/24/2020,0.08
11/25/2020,0.08
11/26/2020,
11/27/2020,0.08
11/30/2020,0.09
12/1/2020,0.09
12/2/2020,0.09
12/3/2020,0.09
12/4/2020,0.09
12/7/2020,0.09
12/8/2020,0.09
12/9/2020,0.09
12/10/2020,0.09
12/11/2020,0.09
12/14/2020,0.09
12/15/2020,0.09
12/16/2020,0.09
12/17/2020,0.09
12/18/2020,0.09
12/21/2020,0.09
12/22/2020,0.09
12/23/2020,0.09
12/24/2020,0.09
12/25/2020,
12/28/2020,0.09
12/29/2020,0.09
12/30/2020,0.09
12/31/2020,0.09
1/1/2021,
1/4/2021,0.09
1/5/2021,0.09
1/6/2021,0.09
1/7/2021,0.09
1/8/2021,0.09
1/11/2021,0.09
1/12/2021,0.09
1/13/2021,0.09
1/14/2021,0.09
1/15/2021,0.09
1/18/2021,
1/19/2021,0.09
1/20/2021,0.09
1/21/2021,0.08
1/22/2021,0.08
1/25/2021,0.08
1/26/2021,0.08
1/27/2021,0.08
1/28/2021,0.07
1/29/2021,0.07
2/1/2021,0.08
2/2/2021,0.08
2/3/2021,0.08
2/4/2021,0.08
2/5/2021,0.08
2/8/2021,0.07
2/9/2021,0.08
2/10/2021,0.08
2/11/2021,0.08
2/12/2021,0.08
2/15/2021,
2/16/2021,0.08
2/17/2021,0.08
2/18/2021,0.07
2/19/2021,0.07
2/22/2021,0.07
2/23/2021,0.07
2/24/2021,0.07
2/25/2021,0.07
2/26/2021,0.07
3/1/2021,0.07
3/2/2021,0.07
3/3/2021,0.07
3/4/2021,0.07
3/5/2021,0.07
3/8/2021,0.07
3/9/2021,0.07
3/10/2021,0.07
3/11/2021,0.07
3/12/2021,0.07
3/15/2021,0.07
3/16/2021,0.07
3/17/2021,0.07
3/18/2021,0.07
3/19/2021,0.07
3/22/2021,0.07
3/23/2021,0.07
3/24/2021,0.07
3/25/2021,0.07
3/26/2021,0.07
3/29/2021,0.07
3/30/2021,0.07
3/31/2021,0.06
4/1/2021,0.07
4/2/2021,0.07
4/5/2021,0.07
4/6/2021,0.07
4/7/2021,0.07
4/8/2021,0.07
4/9/2021,0.07
4/12/2021,0.07
4/13/2021,0.07
4/14/2021,0.07
4/15/2021,0.07
4/16/2021,0.07
4/19/2021,0.07
4/20/2021,0.07
4/21/2021,0.07
4/22/2021,0.07
4/23/2021,0.07
4/26/2021,0.07
4/27/2021,0.07
4/28/2021,0.07
4/29/2021,0.06
4/30/2021,0.05
5/3/2021,0.06
5/4/2021,0.06
5/5/2021,0.06
5/6/2021,0.06
5/7/2021,0.06
5/10/2021,0.06
5/11/2021,0.06
5/12/2021,0.06
5/13/2021,0.06
5/14/2021,0.06
5/17/2021,0.06
5/18/2021,0.06
5/19/2021,0.06
5/20/2021,0.06
5/21/2021,0.06
5/24/2021,0.06
5/25/2021,0.06
5/26/2021,0.06
5/27/2021,0.06
5/28/2021,0.05
5/31/2021,
6/1/2021,0.06
6/2/2021,0.06
6/3/2021,0.06
6/4/2021,0.06
6/7/2021,0.06
6/8/2021,0.06
6/9/2021,0.06
6/10/2021,0.06
6/11/2021,0.06
6/14/2021,0.06
6/15/2021,0.06
6/16/2021,0.06
6/17/2021,0.1
6/18/2021,0.1
6/21/2021,0.1
6/22/2021,0.1
6/23/2021,0.1
6/24/2021,0.1
6/25/2021,0.1
6/28/2021,0.1
6/29/2021,0.1
6/30/2021,0.08
7/1/2021,0.1
7/2/2021,0.1
7/5/2021,
7/6/2021,0.1
7/7/2021,0.1
7/8/2021,0.1
7/9/2021,0.1
7/12/2021,0.1
7/13/2021,0.1
7/14/2021,0.1
7/15/2021,0.1
7/16/2021,0.1
7/19/2021,0.1
7/20/2021,0.1
7/21/2021,0.1
7/22/2021,0.1
7/23/2021,0.1
7/26/2021,0.1
7/27/2021,0.1
7/28/2021,0.1
7/29/2021,0.1
7/30/2021,0.07
8/2/2021,0.1
8/3/2021,0.1
8/4/2021,0.1
8/5/2021,0.1
8/6/2021,0.1
8/9/2021,0.1
8/10/2021,0.1
8/11/2021,0.1
8/12/2021,0.1
8/13/2021,0.1
8/16/2021,0.1
8/17/2021,0.1
8/18/2021,0.09
8/19/2021,0.09
8/20/2021,0.09
8/23/2021,0.09
8/24/2021,0.09
8/25/2021,0.09
8/26/2021,0.09
8/27/2021,0.08
8/30/2021,0.08
8/31/2021,0.06
9/1/2021,0.08
9/2/2021,0.08
9/3/2021,0.08
9/6/2021,
9/7/2021,0.08
9/8/2021,0.08
9/9/2021,0.08
9/10/2021,0.08
9/13/2021,0.08
9/14/2021,0.08
9/15/2021,0.08
9/16/2021,0.08
9/17/2021,0.08
9/20/2021,0.08
9/21/2021,0.08
9/22/2021,0.08
9/23/2021,0.08
9/24/2021,0.08
9/27/2021,0.08
9/28/2021,0.08
9/29/2021,0.08
9/30/2021,0.06
10/1/2021,0.08
10/4/2021,0.08
10/5/2021,0.08
10/6/2021,0.08
10/7/2021,0.08
10/8/2021,0.08
10/11/2021,
10/12/2021,0.08
10/13/2021,0.08
10/14/2021,0.08
10/15/2021,0.08
10/18/2021,0.08
10/19/2021,0.08
10/20/2021,0.08
10/21/2021,0.08
10/22/2021,0.08
10/25/2021,0.08
10/26/2021,0.08
10/27/2021,0.08
10/28/2021,0.08
10/29/2021,0.07
11/1/2021,0.08
11/2/2021,0.08
11/3/2021,0.08
11/4/2021,0.08
11/5/2021,0.08
11/8/2021,0.08
11/9/2021,0.08
11/10/2021,0.08
11/11/2021,
11/12/2021,0.08
11/15/2021,0.08
11/16/2021,0.08
11/17/2021,0.08
11/18/2021,0.08
11/19/2021,0.08
11/22/2021,0.08
11/23/2021,0.08
11/24/2021,0.08
11/25/2021,
11/26/2021,0.08
11/29/2021,0.08
11/30/2021,0.07
12/1/2021,0.08
12/2/2021,0.08
12/3/2021,0.08
12/6/2021,0.08
12/7/2021,0.08
12/8/2021,0.08
12/9/2021,0.08
12/10/2021,0.08
12/13/2021,0.08
12/14/2021,0.08
12/15/2021,0.08
12/16/2021,0.08
12/17/2021,0.08
12/20/2021,0.08
12/21/2021,0.08
12/22/2021,0.08
12/23/2021,0.08
12/24/2021,0.08
12/27/2021,0.08
12/28/2021,0.08
12/29/2021,0.08
12/30/2021,0.08
12/31/2021,0.07
1/3/2022,0.08
1/4/2022,0.08
1/5/2022,0.08
1/6/2022,0.08
1/7/2022,0.08
1/10/2022,0.08
1/11/2022,0.08
1/12/2022,0.08
1/13/2022,0.08
1/14/2022,0.08
1/17/2022,
1/18/2022,0.08
1/19/2022,0.08
1/20/2022,0.08
1/21/2022,0.08
1/24/2022,0.08
1/25/2022,0.08
1/26/2022,0.08
1/27/2022,0.08
1/28/2022,0.08
1/31/2022,0.08
2/1/2022,0.08
2/2/2022,0.08
2/3/2022,0.08
2/4/2022,0.08
2/7/2022,0.08
2/8/2022,0.08
2/9/2022,0.08
2/10/2022,0.08
2/11/2022,0.08
2/14/2022,0.08
2/15/2022,0.08
2/16/2022,0.08
2/17/2022,0.08
2/18/2022,0.08
2/21/2022,
2/22/2022,0.08
2/23/2022,0.08
2/24/2022,0.08
2/25/2022,0.08
2/28/2022,0.08
3/1/2022,0.08
3/2/2022,0.08
3/3/2022,0.08
3/4/2022,0.08
3/7/2022,0.08
3/8/2022,0.08
3/9/2022,0.08
3/10/2022,0.08
3/11/2022,0.08
3/14/2022,0.08
3/15/2022,0.08
3/16/2022,0.08
3/17/2022,0.33
3/18/2022,0.33
3/21/2022,0.33
3/22/2022,0.33
3/23/2022,0.33
3/24/2022,0.33
3/25/2022,0.33
3/28/2022,0.33
3/29/2022,0.33
3/30/2022,0.33
3/31/2022,0.33
4/1/2022,0.33
4/4/2022,0.33
4/5/2022,0.33
4/6/2022,0.33
4/7/2022,0.33
4/8/2022,0.33
4/11/2022,0.33
4/12/2022,0.33
4/13/2022,0.33
4/14/2022,0.33
4/15/2022,0.33
4/18/2022,0.33
4/19/2022,0.33
4/20/2022,0.33
4/21/2022,0.33
4/22/2022,0.33
4/25/2022,0.33
4/26/2022,0.33
4/27/2022,0.33
4/28/2022,0.33
4/29/2022,0.33
5/2/2022,0.33
5/3/2022,0.33
5/4/2022,0.33
5/5/2022,0.83
5/6/2022,0.83
5/9/2022,0.83
5/10/2022,0.83
5/11/2022,0.83
5/12/2022,0.83
5/13/2022,0.83
5/16/2022,0.83
5/17/2022,0.83
5/18/2022,0.83
5/19/2022,0.83
5/20/2022,0.83
5/23/2022,0.83
5/24/2022,0.83
5/25/2022,0.83
5/26/2022,0.83
5/27/2022,0.83
5/30/2022,
5/31/2022,0.83
6/1/2022,0.83
6/2/2022,0.83
6/3/2022,0.83
6/6/2022,0.83
6/7/2022,0.83
6/8/2022,0.83
6/9/2022,0.83
6/10/2022,0.83
6/13/2022,0.83
6/14/2022,0.83
6/15/2022,0.83
6/16/2022,1.58
6/17/2022,1.58
6/20/2022,
6/21/2022,1.58
6/22/2022,1.58
6/23/2022,1.58
6/24/2022,1.58
6/27/2022,1.58
6/28/2022,1.58
6/29/2022,1.58
6/30/2022,1.58
7/1/2022,1.58
7/4/2022,
7/5/2022,1.58
7/6/2022,1.58
7/7/2022,1.58
7/8/2022,1.58
7/11/2022,1.58
7/12/2022,1.58
7/13/2022,1.58
7/14/2022,1.58
7/15/2022,1.58
7/18/2022,1.58
7/19/2022,1.58
7/20/2022,1.58
7/21/2022,1.58
7/22/2022,1.58
7/25/2022,1.58
7/26/2022,1.58
7/27/2022,1.58
7/28/2022,2.33
7/29/2022,2.32
8/1/2022,2.33
8/2/2022,2.33
8/3/2022,2.33
8/4/2022,2.33
8/5/2022,2.33
8/8/2022,2.33
8/9/2022,2.33
8/10/2022,2.33
8/11/2022,2.33
8/12/2022,2.33
8/15/2022,2.33
8/16/2022,2.33
8/17/2022,2.33
8/18/2022,2.33
8/19/2022,2.33
8/22/2022,2.33
8/23/2022,2.33
8/24/2022,2.33
8/25/2022,2.33
8/26/2022,2.33
8/29/2022,2.33
8/30/2022,2.33
8/31/2022,2.33
9/1/2022,2.33
9/2/2022,2.33
9/5/2022,
9/6/2022,2.33
9/7/2022,2.33
9/8/2022,2.33
9/9/2022,2.33
9/12/2022,2.33
9/13/2022,2.33
9/14/2022,2.33
9/15/2022,2.33
9/16/2022,2.33
9/19/2022,2.33
9/20/2022,2.33
9/21/2022,2.33
9/22/2022,3.08
9/23/2022,3.08
9/26/2022,3.08
9/27/2022,3.08
9/28/2022,3.08
9/29/2022,3.08
9/30/2022,3.08
10/3/2022,3.08
10/4/2022,3.08
10/5/2022,3.08
10/6/2022,3.08
10/7/2022,3.08
10/10/2022,
10/11/2022,3.08
10/12/2022,3.08
10/13/2022,3.08
10/14/2022,3.08
10/17/2022,3.08
10/18/2022,3.08
10/19/2022,3.08
10/20/2022,3.08
10/21/2022,3.08
10/24/2022,3.08
10/25/2022,3.08
10/26/2022,3.08
10/27/2022,3.08
10/28/2022,3.08
10/31/2022,3.08
11/1/2022,3.08
11/2/2022,3.08
11/3/2022,3.83
11/4/2022,3.83
11/7/2022,3.83
11/8/2022,3.83
11/9/2022,3.83
11/10/2022,3.83
11/11/2022,
11/14/2022,3.83
11/15/2022,3.83
11/16/2022,3.83
11/17/2022,3.83
11/18/2022,3.83
11/21/2022,3.83
11/22/2022,3.83
11/23/2022,3.83
11/24/2022,
11/25/2022,3.83
11/28/2022,3.83
11/29/2022,3.83
11/30/2022,3.83
12/1/2022,3.83
12/2/2022,3.83
12/5/2022,3.83
12/6/2022,3.83
12/7/2022,3.83
12/8/2022,3.83
12/9/2022,3.83
12/12/2022,3.83
12/13/2022,3.83
12/14/2022,3.83
12/15/2022,4.33
12/16/2022,4.33
12/19/2022,4.33
12/20/2022,4.33
12/21/2022,4.33
12/22/2022,4.33
12/23/2022,4.33
12/26/2022,
12/27/2022,4.33
12/28/2022,4.33
12/29/2022,4.33
12/30/2022,4.33
1/2/2023,
1/3/2023,4.33
1/4/2023,4.33
1/5/2023,4.33
1/6/2023,4.33
1/9/2023,4.33
1/10/2023,4.33
1/11/2023,4.33
1/12/2023,4.33
1/13/2023,4.33
1/16/2023,
1/17/2023,4.33
1/18/2023,4.33
1/19/2023,4.33
1/20/2023,4.33
1/23/2023,4.33
1/24/2023,4.33
1/25/2023,4.33
1/26/2023,4.33
1/27/2023,4.33
1/30/2023,4.33
1/31/2023,4.33
2/1/2023,4.33
2/2/2023,4.58
2/3/2023,4.58
2/6/2023,4.58
2/7/2023,4.58
2/8/2023,4.58
2/9/2023,4.57
2/10/2023,4.58
2/13/2023,4.58
2/14/2023,4.58
2/15/2023,4.58
2/16/2023,4.58
2/17/2023,4.58
2/20/2023,
2/21/2023,4.58
2/22/2023,4.58
2/23/2023,4.58
2/24/2023,4.58
2/27/2023,4.57
2/28/2023,4.57
3/1/2023,4.58
3/2/2023,4.57
3/3/2023,4.57
3/6/2023,4.57
3/7/2023,4.57
3/8/2023,4.57
3/9/2023,4.57
3/10/2023,4.57
3/13/2023,4.58
3/14/2023,4.58
3/15/2023,4.58
3/16/2023,4.58
3/17/2023,4.58
3/20/2023,4.58
3/21/2023,4.58
3/22/2023,4.58
3/23/2023,4.83
3/24/2023,4.83
3/27/2023,4.83
3/28/2023,4.83
3/29/2023,4.83
3/30/2023,4.83
3/31/2023,4.83
4/3/2023,4.83
4/4/2023,4.83
4/5/2023,4.83
4/6/2023,4.83
4/7/2023,4.83
4/10/2023,4.83
4/11/2023,4.83
4/12/2023,4.83
4/13/2023,4.83
4/14/2023,4.83
4/17/2023,4.83
4/18/2023,4.83
4/19/2023,4.83
4/20/2023,4.83
4/21/2023,4.83
4/24/2023,4.83
4/25/2023,4.83
4/26/2023,4.83
4/27/2023,4.83
4/28/2023,4.83
5/1/2023,4.83
5/2/2023,4.83
5/3/2023,4.83
5/4/2023,5.08
5/5/2023,5.08
5/8/2023,5.08
5/9/2023,5.08
5/10/2023,5.08
5/11/2023,5.08
5/12/2023,5.08
5/15/2023,5.08
5/16/2023,5.08
5/17/2023,5.08
5/18/2023,5.08
5/19/2023,5.08
5/22/2023,5.08
5/23/2023,5.08
5/24/2023,5.08
5/25/2023,5.08
5/26/2023,5.08
5/29/2023,
5/30/2023,5.08
5/31/2023,5.08
6/1/2023,5.08
6/2/2023,5.08
6/5/2023,5.08
6/6/2023,5.08
6/7/2023,5.08
6/8/2023,5.08
6/9/2023,5.08
6/12/2023,5.08
6/13/2023,5.08
6/14/2023,5.08
6/15/2023,5.07
6/16/2023,5.08
6/19/2023,
6/20/2023,5.07
6/21/2023,5.07
6/22/2023,5.07
6/23/2023,5.07
6/26/2023,5.07
6/27/2023,5.07
6/28/2023,5.07
6/29/2023,5.07
6/30/2023,5.08
7/3/2023,5.08
7/4/2023,
7/5/2023,5.08
7/6/2023,5.08
7/7/2023,5.08
7/10/2023,5.07
7/11/2023,5.08
7/12/2023,5.08
7/13/2023,5.08
7/14/2023,5.08
7/17/2023,5.08
7/18/2023,5.08
7/19/2023,5.08
7/20/2023,5.08
7/21/2023,5.08
7/24/2023,5.08
7/25/2023,5.08
7/26/2023,5.08
7/27/2023,5.33
7/28/2023,5.33
7/31/2023,5.33
8/1/2023,5.33
8/2/2023,5.33
8/3/2023,5.33
8/4/2023,5.33
8/7/2023,5.33
8/8/2023,5.33
8/9/2023,5.33
8/10/2023,5.33
8/11/2023,5.33
8/14/2023,5.33
8/15/2023,5.33
8/16/2023,5.33
8/17/2023,5.33
8/18/2023,5.33
8/21/2023,5.33
8/22/2023,5.33
8/23/2023,5.33
8/24/2023,5.33
8/25/2023,5.33
8/28/2023,5.33
8/29/2023,5.33
8/30/2023,5.33
8/31/2023,5.33
9/1/2023,5.33
9/4/2023,
9/5/2023,5.33
9/6/2023,5.33
9/7/2023,5.33
9/8/2023,5.33
9/11/2023,5.33
9/12/2023,5.33
9/13/2023,5.33
9/14/2023,5.33
9/15/2023,5.33
9/18/2023,5.33
9/19/2023,5.33
9/20/2023,5.33
9/21/2023,5.33
9/22/2023,5.33
9/25/2023,5.33
9/26/2023,5.33
9/27/2023,5.33
9/28/2023,5.33
9/29/2023,5.33
10/2/2023,5.33
10/3/2023,5.33
10/4/2023,5.33
10/5/2023,5.33
10/6/2023,5.33
10/9/2023,
10/10/2023,5.33
10/11/2023,5.33
10/12/2023,5.33
10/13/2023,5.33
10/16/2023,5.33
10/17/2023,5.33
10/18/2023,5.33
10/19/2023,5.33
10/20/2023,5.33
10/23/2023,5.33
10/24/2023,5.33
10/25/2023,5.33
10/26/2023,5.33
10/27/2023,5.33
10/30/2023,5.33
10/31/2023,5.33
11/1/2023,5.33
11/2/2023,5.33
11/3/2023,5.33
11/6/2023,5.33
11/7/2023,5.33
11/8/2023,5.33
11/9/2023,5.33
11/10/2023,5.33
11/13/2023,5.33
11/14/2023,5.33
11/15/2023,5.33
11/16/2023,5.33
11/17/2023,5.33
11/20/2023,5.33
11/21/2023,5.33
11/22/2023,5.33
11/23/2023,
11/24/2023,5.33
11/27/2023,5.33
11/28/2023,5.33
11/29/2023,5.33
11/30/2023,5.33
12/1/2023,5.33
12/4/2023,5.33
12/5/2023,5.33
12/6/2023,5.33
12/7/2023,5.33
12/8/2023,5.33
12/11/2023,5.33
12/12/2023,5.33
12/13/2023,5.33
12/14/2023,5.33
12/15/2023,5.33
12/18/2023,5.33
12/19/2023,5.33
12/20/2023,5.33
12/21/2023,5.33
12/22/2023,5.33
12/25/2023,
12/26/2023,5.33
12/27/2023,5.33
12/28/2023,5.33
12/29/2023,5.33
1/1/2024,
1/2/2024,5.33
1/3/2024,5.33
1/4/2024,5.33
1/5/2024,5.33
1/8/2024,5.33
1/9/2024,5.33
1/10/2024,5.33
1/11/2024,5.33
1/12/2024,5.33
1/15/2024,
1/16/2024,5.33
1/17/2024,5.33
1/18/2024,5.33
1/19/2024,5.33
1/22/2024,5.33
1/23/2024,5.33
1/24/2024,5.33
1/25/2024,5.33
1/26/2024,5.33
1/29/2024,5.33
1/30/2024,5.33
1/31/2024,5.33
2/1/2024,5.33
2/2/2024,5.33
2/5/2024,5.33
2/6/2024,5.33
2/7/2024,5.33
2/8/2024,5.33
2/9/2024,5.33
2/12/2024,5.33
2/13/2024,5.33
2/14/2024,5.33
2/15/2024,5.33
2/16/2024,5.33
2/19/2024,
2/20/2024,5.33
2/21/2024,5.33
2/22/2024,5.33
2/23/2024,5.33
2/26/2024,5.33
2/27/2024,5.33
2/28/2024,5.33
2/29/2024,5.33
3/1/2024,5.33
3/4/2024,5.33
3/5/2024,5.33
3/6/2024,5.33
3/7/2024,5.33
3/8/2024,5.33
3/11/2024,5.33
3/12/2024,5.33
3/13/2024,5.33
3/14/2024,5.33
3/15/2024,5.33
3/18/2024,5.33
3/19/2024,5.33
3/20/2024,5.33
3/21/2024,5.33
3/22/2024,5.33
3/25/2024,5.33
3/26/2024,5.33
3/27/2024,5.33
3/28/2024,5.33
3/29/2024,5.33
4/1/2024,5.33
4/2/2024,5.33
4/3/2024,5.33
4/4/2024,5.33
4/5/2024,5.33
4/8/2024,5.33
4/9/2024,5.33
4/10/2024,5.33
4/11/2024,5.33
4/12/2024,5.33
4/15/2024,5.33
4/16/2024,5.33
4/17/2024,5.33
4/18/2024,5.33
4/19/2024,5.33
4/22/2024,5.33
4/23/2024,5.33
4/24/2024,5.33
4/25/2024,5.33
4/26/2024,5.33
4/29/2024,5.33
4/30/2024,5.33
5/1/2024,5.33
5/2/2024,5.33
5/3/2024,5.33
5/6/2024,5.33
5/7/2024,5.33
5/8/2024,5.33
5/9/2024,5.33
5/10/2024,5.33
5/13/2024,5.33
5/14/2024,5.33
5/15/2024,5.33
5/16/2024,5.33
5/17/2024,5.33
5/20/2024,5.33
5/21/2024,5.33
5/22/2024,5.33
5/23/2024,5.33
5/24/2024,5.33
5/27/2024,
5/28/2024,5.33
5/29/2024,5.33
5/30/2024,5.33
5/31/2024,5.33
6/3/2024,5.33
6/4/2024,5.33
6/5/2024,5.33
6/6/2024,5.33
6/7/2024,5.33
6/10/2024,5.33
6/11/2024,5.33
6/12/2024,5.33
6/13/2024,5.33
6/14/2024,5.33
6/17/2024,5.33
6/18/2024,5.33
6/19/2024,
6/20/2024,5.33
6/21/2024,5.33
6/24/2024,5.33
6/25/2024,5.33
6/26/2024,5.33
6/27/2024,5.33
6/28/2024,5.33
7/1/2024,5.33
7/2/2024,5.33
7/3/2024,5.33
7/4/2024,
7/5/2024,5.33
7/8/2024,5.33
7/9/2024,5.33
7/10/2024,5.33
7/11/2024,5.33
7/12/2024,5.33
7/15/2024,5.33
7/16/2024,5.33
7/17/2024,5.33
7/18/2024,5.33
7/19/2024,5.33
7/22/2024,5.33
7/23/2024,5.33
7/24/2024,5.33
7/25/2024,5.33
7/26/2024,5.33
7/29/2024,5.33
7/30/2024,5.33
7/31/2024,5.33
8/1/2024,5.33
8/2/2024,5.33
8/5/2024,5.33
8/6/2024,5.33
8/7/2024,5.33
8/8/2024,5.33
8/9/2024,5.33
8/12/2024,5.33
8/13/2024,5.33
8/14/2024,5.33
8/15/2024,5.33
8/16/2024,5.33
8/19/2024,5.33
8/20/2024,5.33
8/21/2024,5.33
8/22/2024,5.33
8/23/2024,5.33
8/26/2024,5.33
8/27/2024,5.33
8/28/2024,5.33
8/29/2024,5.33
8/30/2024,5.33
9/2/2024,
9/3/2024,5.33
9/4/2024,5.33
9/5/2024,5.33
9/6/2024,5.33
9/9/2024,5.33
9/10/2024,5.33
9/11/2024,5.33
9/12/2024,5.33
9/13/2024,5.33
9/16/2024,5.33
9/17/2024,5.33
9/18/2024,5.33
9/19/2024,4.83
9/20/2024,4.83
9/23/2024,4.83
9/24/2024,4.83
9/25/2024,4.83
9/26/2024,4.83
9/27/2024,4.83
9/30/2024,4.83
10/1/2024,4.83
10/2/2024,4.83
10/3/2024,4.83
10/4/2024,4.83
10/7/2024,4.83
10/8/2024,4.83
10/9/2024,4.83
10/10/2024,4.83
10/11/2024,4.83
10/14/2024,
10/15/2024,4.83
10/16/2024,4.83
10/17/2024,4.83
10/18/2024,4.83
10/21/2024,4.83
10/22/2024,4.83
10/23/2024,4.83
10/24/2024,4.83
10/25/2024,4.83
10/28/2024,4.83
10/29/2024,4.83
10/30/2024,4.83
10/31/2024,4.83
11/1/2024,4.83
11/4/2024,4.83
11/5/2024,4.83
11/6/2024,4.83
11/7/2024,4.83
11/8/2024,4.58
11/11/2024,
11/12/2024,4.58
11/13/2024,4.58
11/14/2024,4.58
11/15/2024,4.58
11/18/2024,4.58
11/19/2024,4.58
11/20/2024,4.58
11/21/2024,4.58
11/22/2024,4.58
11/25/2024,4.58
11/26/2024,4.58
11/27/2024,4.58
11/28/2024,
11/29/2024,4.58
12/2/2024,4.58
12/3/2024,4.58
12/4/2024,4.58
12/5/2024,4.58
12/6/2024,4.58
12/9/2024,4.58
12/10/2024,4.58
12/11/2024,4.58
12/12/2024,4.58
12/13/2024,4.58
12/16/2024,4.58
12/17/2024,4.58
12/18/2024,4.58
12/19/2024,4.33
12/20/2024,4.33
12/23/2024,4.33
12/24/2024,4.33
12/25/2024,
12/26/2024,4.33
12/27/2024,4.33
12/30/2024,4.33
12/31/2024,4.33
1/1/2025,
1/2/2025,4.33
1/3/2025,4.33
1/6/2025,4.33
1/7/2025,4.33
1/8/2025,4.33
1/9/2025,4.33
1/10/2025,4.33
1/13/2025,4.33
1/14/2025,4.33
1/15/2025,4.33
1/16/2025,4.33
1/17/2025,4.33
1/20/2025,
1/21/2025,4.33
1/22/2025,4.33
1/23/2025,4.33
1/24/2025,4.33
1/27/2025,4.33
1/28/2025,4.33
1/29/2025,4.33
1/30/2025,4.33
1/31/2025,4.33
2/3/2025,4.33
2/4/2025,4.33
2/5/2025,4.33
2/6/2025,4.33
2/7/2025,4.33
2/10/2025,4.33
2/11/2025,4.33
2/12/2025,4.33
2/13/2025,4.33
2/14/2025,4.33
2/17/2025,
2/18/2025,4.33
2/19/2025,4.33
2/20/2025,4.33
2/21/2025,4.33
2/24/2025,4.33
2/25/2025,4.33
2/26/2025,4.33
2/27/2025,4.33
2/28/2025,4.33
3/3/2025,4.33
3/4/2025,4.33
3/5/2025,4.33
3/6/2025,4.33
3/7/2025,4.33
3/10/2025,4.33
3/11/2025,4.33
3/12/2025,4.33
3/13/2025,4.33
3/14/2025,4.33
3/17/2025,4.33
3/18/2025,4.33
3/19/2025,4.33
3/20/2025,4.33
3/21/2025,4.33
3/24/2025,4.33
3/25/2025,4.33
3/26/2025,4.33
3/27/2025,4.33
3/28/2025,4.33
3/31/2025,4.33
4/1/2025,4.33
4/2/2025,4.33
4/3/2025,4.33
4/4/2025,4.33
4/7/2025,4.33
4/8/2025,4.33
4/9/2025,4.33
4/10/2025,4.33
4/11/2025,4.33
4/14/2025,4.33
4/15/2025,4.33
4/16/2025,4.33
4/17/2025,4.33
4/18/2025,4.33
4/21/2025,4.33
4/22/2025,4.33
4/23/2025,4.33
4/24/2025,4.33
4/25/2025,4.33
4/28/2025,4.33
4/29/2025,4.33
4/30/2025,4.33
5/1/2025,4.33
5/2/2025,4.33
5/5/2025,4.33
5/6/2025,4.33
5/7/2025,4.33
5/8/2025,4.33
5/9/2025,4.33
5/12/2025,4.33
5/13/2025,4.33
5/14/2025,4.33
5/15/2025,4.33
5/16/2025,4.33
5/19/2025,4.33
5/20/2025,4.33
5/21/2025,4.33
5/22/2025,4.33
5/23/2025,4.33
5/26/2025,
5/27/2025,4.33
5/28/2025,4.33
5/29/2025,4.33
5/30/2025,4.33
6/2/2025,4.33
6/3/2025,4.33
6/4/2025,4.33
6/5/2025,4.33
6/6/2025,4.33
6/9/2025,4.33
6/10/2025,4.33
6/11/2025,4.33
6/12/2025,4.33
6/13/2025,4.33
6/16/2025,4.33
6/17/2025,4.33
6/18/2025,4.33
6/19/2025,
6/20/2025,4.33
6/23/2025,4.33
6/24/2025,4.33
6/25/2025,4.33
6/26/2025,4.33
6/27/2025,4.33
6/30/2025,4.33
7/1/2025,4.33
7/2/2025,4.33
7/3/2025,4.33
7/4/2025,
7/7/2025,4.33
7/8/2025,4.33
7/9/2025,4.33
7/10/2025,4.33
7/11/2025,4.33
7/14/2025,4.33
7/15/2025,4.33
7/16/2025,4.33
7/17/2025,4.33
7/18/2025,4.33
7/21/2025,4.33
7/22/2025,4.33
7/23/2025,4.33
7/24/2025,4.33
7/25/2025,4.33
7/28/2025,4.33
7/29/2025,4.33
7/30/2025,4.33
7/31/2025,4.33
8/1/2025,4.33
8/4/2025,4.33
8/5/2025,4.33
8/6/2025,4.33
8/7/2025,4.33
8/8/2025,4.33
8/11/2025,4.33
8/12/2025,4.33
8/13/2025,4.33
8/14/2025,4.33
8/15/2025,4.33
8/18/2025,4.33
8/19/2025,4.33
8/20/2025,4.33
8/21/2025,4.33
8/22/2025,4.33
8/25/2025,4.33
8/26/2025,4.33
8/27/2025,4.33
8/28/2025,4.33
8/29/2025,4.33
9/1/2025,
9/2/2025,4.33
9/3/2025,4.33
9/4/2025,4.33
9/5/2025,4.33
9/8/2025,4.33
9/9/2025,4.33
9/10/2025,4.33
9/11/2025,4.33
9/12/2025,4.33
9/15/2025,4.33
9/16/2025,4.33
9/17/2025,4.33
9/18/2025,4.08
9/19/2025,4.08
9/22/2025,4.09
9/23/2025,4.09
9/24/2025,4.09
9/25/2025,4.09
9/26/2025,4.09
9/29/2025,4.09
9/30/2025,4.09
10/1/2025,4.09
10/2/2025,4.09
10/3/2025,4.09
10/6/2025,4.09
10/7/2025,4.09
10/8/2025,4.1
10/9/2025,4.1
10/10/2025,4.1
10/13/2025,
10/14/2025,4.1
10/15/2025,4.1
10/16/2025,4.11
10/17/2025,4.11
10/20/2025,4.11
10/21/2025,4.11
10/22/2025,4.11
10/23/2025,4.11
10/24/2025,4.11
10/27/2025,4.12
10/28/2025,4.12
10/29/2025,4.12
10/30/2025,3.87
10/31/2025,3.86
11/3/2025,3.87
11/4/2025,3.87
11/5/2025,3.87
11/6/2025,3.87
11/7/2025,3.87
