Date,Close,High,Low,Open,Volume
1/2/2018,9.77,11.07,9.52,10.95,0
1/3/2018,9.15,9.65,8.94,9.56,0
1/4/2018,9.22,9.31,8.92,09.01,0
1/5/2018,9.22,9.54,9,9.1,0
1/8/2018,9.52,9.89,9.32,9.61,0
1/9/2018,10.08,10.09,9.37,9.41,0
1/10/2018,9.82,10.85,9.82,10.11,0
1/11/2018,9.88,10.02,9.62,9.69,0
1/12/2018,10.16,10.31,9.54,9.74,0
1/16/2018,11.66,12.41,10.4,10.42,0
1/17/2018,11.91,12.81,11.18,11.35,0
1/18/2018,12.22,12.4,11.62,12.01,0
1/19/2018,11.27,12.33,11.18,12.3,0
1/22/2018,11.03,11.62,10.84,11.59,0
1/23/2018,11.1,11.57,10.76,10.77,0
1/24/2018,11.47,12.19,10.89,11,0
1/25/2018,11.58,12.01,11.2,11.27,0
1/26/2018,11.08,11.6,11.08,11.4,0
1/29/2018,13.84,13.84,11.68,11.71,0
1/30/2018,14.79,15.42,13.88,13.93,0
1/31/2018,13.54,14.44,13.41,14.23,0
2/1/2018,13.47,14.3,12.5,13.05,0
2/2/2018,17.31,17.86,13.64,13.64,0
2/5/2018,37.32,38.8,16.8,18.44,0
2/6/2018,29.98,50.3,22.42,37.32,0
2/7/2018,27.73,31.64,21.17,31.38,0
2/8/2018,33.46,36.17,24.41,27.29,0
2/9/2018,29.06,41.06,27.73,32.18,0
2/12/2018,25.61,29.7,24.42,27.25,0
2/13/2018,24.97,27.82,24.47,26.94,0
2/14/2018,19.26,25.72,18.99,23.48,0
2/15/2018,19.13,20.66,17.6,18.39,0
2/16/2018,19.46,20.99,17.44,18.74,0
2/20/2018,20.6,21.61,19.75,20.53,0
2/21/2018,20.02,21.04,16.97,20.76,0
2/22/2018,18.72,20.61,18.07,20.57,0
2/23/2018,16.49,18.8,16.47,17.96,0
2/26/2018,15.8,16.94,15.8,16.53,0
2/27/2018,18.59,18.98,15.29,15.83,0
2/28/2018,19.85,20.44,15.65,18.08,0
3/1/2018,22.47,25.3,19.57,19.96,0
3/2/2018,19.59,26.22,19.36,22.47,0
3/5/2018,18.73,21.57,17.94,21.55,0
3/6/2018,18.36,19.64,17.68,18.25,0
3/7/2018,17.76,20.49,17.52,20.11,0
3/8/2018,16.54,17.68,14.91,17.56,0
3/9/2018,14.64,16.75,13.31,16.41,0
3/12/2018,15.78,16.35,15.18,15.28,0
3/13/2018,16.35,16.98,15.03,15.7,0
3/14/2018,17.23,17.59,14.94,16.59,0
3/15/2018,16.59,17.41,15.96,16.99,0
3/16/2018,15.8,16.72,15.23,16.6,0
3/19/2018,19.02,21.87,16.56,16.63,0
3/20/2018,18.2,19.31,18.09,18.38,0
3/21/2018,17.86,18.37,16.26,17.76,0
3/22/2018,23.34,23.81,18.12,18.13,0
3/23/2018,24.87,26.01,21.63,24.02,0
3/26/2018,21.03,24.54,20.71,23.41,0
3/27/2018,22.5,24.06,19.84,20.33,0
3/28/2018,22.87,24.94,21.71,22.52,0
3/29/2018,19.97,23.05,19.6,22.87,0
4/2/2018,23.62,25.72,20.44,21.07,0
4/3/2018,21.1,23.38,20.92,23.03,0
4/4/2018,20.06,24.51,19.86,21.68,0
4/5/2018,18.94,20.21,18.57,19.76,0
4/6/2018,21.49,23.12,18.6,20.33,0
4/9/2018,21.77,22.02,20.34,21.27,0
4/10/2018,20.47,21.68,20.24,20.51,0
4/11/2018,20.24,21.66,19.64,20.95,0
4/12/2018,18.49,19.92,18.16,19.83,0
4/13/2018,17.41,18.45,17.26,18.27,0
4/16/2018,16.56,17.66,16.38,17.59,0
4/17/2018,15.25,16.27,14.57,16.16,0
4/18/2018,15.6,16.9,14.95,15.3,0
4/19/2018,15.96,16.92,15.16,15.55,0
4/20/2018,16.88,17.5,15.19,16.16,0
4/23/2018,16.34,17.56,15.79,17.29,0
4/24/2018,18.02,19.66,15.37,16.16,0
4/25/2018,17.84,19.84,17.75,18.14,0
4/26/2018,16.24,18.12,16.24,18.07,0
4/27/2018,15.41,16.77,15.25,16.22,0
4/30/2018,15.93,16.35,15.13,15.31,0
5/1/2018,15.49,16.82,15.42,16,0
5/2/2018,15.97,15.97,14.75,15.48,0
5/3/2018,15.9,18.66,15.43,15.78,0
5/4/2018,14.77,16.92,10.91,15.94,0
5/7/2018,14.75,15.27,14.51,15.05,0
5/8/2018,14.71,15.56,14.52,14.53,0
5/9/2018,13.42,14.63,13.38,14.54,0
5/10/2018,13.23,13.63,12.92,13.36,0
5/11/2018,12.65,13.44,12.65,13.22,0
5/14/2018,12.93,13.28,12.81,13.09,0
5/15/2018,14.63,15.01,12.5,13.13,0
5/16/2018,13.42,14.91,13.21,14.38,0
5/17/2018,13.43,13.86,12.65,13.54,0
5/18/2018,13.42,13.87,13.06,13.18,0
5/21/2018,13.08,13.59,12.78,12.99,0
5/22/2018,13.22,13.42,12.77,13.03,0
5/23/2018,12.58,14.6,12.49,13.5,0
5/24/2018,12.53,14.24,12.53,12.73,0
5/25/2018,13.22,13.52,12.29,12.44,0
5/29/2018,17.02,18.78,14.39,14.39,0
5/30/2018,14.94,16.64,14.65,16.6,0
5/31/2018,15.43,16.29,14.2,14.93,0
6/1/2018,13.46,14.93,13.37,14.92,0
6/4/2018,12.74,13.91,12.69,13.91,0
6/5/2018,12.4,13.34,12.3,12.91,0
6/6/2018,11.64,12.56,11.62,12.1,0
6/7/2018,12.13,13.28,11.22,11.66,0
6/8/2018,12.18,13.31,12.09,12.54,0
6/11/2018,12.35,12.69,12.14,12.52,0
6/12/2018,12.34,12.6,11.88,12.29,0
6/13/2018,12.94,12.95,11.98,12.13,0
6/14/2018,12.12,13.07,11.88,12.98,0
6/15/2018,11.98,13.16,11.93,12.19,0
6/18/2018,12.31,13.74,12.28,12.79,0
6/19/2018,13.35,14.68,13.21,14.61,0
6/20/2018,12.79,13.02,12.25,12.9,0
6/21/2018,14.64,15.18,12.18,12.54,0
6/22/2018,13.77,14.6,13.11,14.6,0
6/25/2018,17.33,19.61,14.56,15.07,0
6/26/2018,15.92,17.54,15.1,16.71,0
6/27/2018,17.91,18.19,14.76,16.52,0
6/28/2018,16.85,18.99,16.4,17.54,0
6/29/2018,16.09,16.51,14.66,15.73,0
7/2/2018,15.6,18.08,15.54,17.7,0
7/3/2018,16.14,16.45,14.68,15.37,0
7/5/2018,14.97,16.22,14.47,15.62,0
7/6/2018,13.37,15.45,13.34,14.99,0
7/9/2018,12.69,13.22,12.6,13.02,0
7/10/2018,12.64,13.21,11.93,12.52,0
7/11/2018,13.63,14.15,13.09,14.05,0
7/12/2018,12.58,13.33,12.42,13.07,0
7/13/2018,12.18,12.97,11.62,12.39,0
7/16/2018,12.83,12.97,12.46,12.77,0
7/17/2018,12.06,13.18,11.85,12.91,0
7/18/2018,12.1,12.47,11.44,11.87,0
7/19/2018,12.87,13.09,11.79,12.2,0
7/20/2018,12.86,13.58,12.49,13,0
7/23/2018,12.62,13.55,12.58,13.47,0
7/24/2018,12.41,13.21,11.66,12.61,0
7/25/2018,12.29,12.82,11.8,12.37,0
7/26/2018,12.14,12.53,11.78,12.45,0
7/27/2018,13.03,14.26,11.6,12.17,0
7/30/2018,14.26,14.46,12.98,13.63,0
7/31/2018,12.83,14.12,12.81,13.98,0
8/1/2018,13.15,13.63,12.45,13.09,0
8/2/2018,12.19,14.53,12.17,13.57,0
8/3/2018,11.64,12.46,11.07,12.43,0
8/6/2018,11.27,12.15,11.17,11.91,0
8/7/2018,10.93,11.24,10.52,11.12,0
8/8/2018,10.85,11.18,10.52,10.93,0
8/9/2018,11.27,11.31,10.17,10.94,0
8/10/2018,13.16,13.82,12.3,12.34,0
8/13/2018,14.78,15.02,12.95,14.5,0
8/14/2018,13.31,14.22,13.11,13.93,0
8/15/2018,14.64,16.86,13.44,13.52,0
8/16/2018,13.45,14.36,12.82,14.18,0
8/17/2018,12.64,13.96,12.4,13.18,0
8/20/2018,12.49,12.79,12.26,12.57,0
8/21/2018,12.86,12.89,12.09,12.47,0
8/22/2018,12.25,13.29,11.97,13.09,0
8/23/2018,12.41,12.68,11.65,12.03,0
8/24/2018,11.99,12.17,11.83,12.13,0
8/27/2018,12.16,12.48,12.02,12.37,0
8/28/2018,12.5,12.5,11.87,12.01,0
8/29/2018,12.25,12.55,12.09,12.34,0
8/30/2018,13.53,13.95,12.24,12.25,0
8/31/2018,12.86,14.03,12.82,13.54,0
9/4/2018,13.16,14.35,13.12,13.13,0
9/5/2018,13.91,14.3,13.23,13.69,0
9/6/2018,14.65,15.41,13.72,14.21,0
9/7/2018,14.88,15.63,14.31,14.72,0
9/10/2018,14.16,15.2,13.93,15.09,0
9/11/2018,13.22,14.92,13.21,13.96,0
9/12/2018,13.14,13.86,12.91,13.07,0
9/13/2018,12.37,12.91,12.3,12.91,0
9/14/2018,12.07,13.15,11.93,12.13,0
9/17/2018,13.68,13.75,12.32,12.72,0
9/18/2018,12.79,13.48,12.56,13.48,0
9/19/2018,11.75,12.77,11.66,12.61,0
9/20/2018,11.8,11.96,11.31,11.82,0
9/21/2018,11.68,12.03,11.1,11.76,0
9/24/2018,12.2,12.92,12.18,12.46,0
9/25/2018,12.42,12.6,11.8,12.28,0
9/26/2018,12.89,13.13,11.55,12.21,0
9/27/2018,12.41,13,11.94,12.77,0
9/28/2018,12.12,13.22,12.09,12.59,0
10/1/2018,12,12.4,11.57,11.99,0
10/2/2018,12.05,12.69,11.61,12.47,0
10/3/2018,11.61,12.14,11.34,11.66,0
10/4/2018,14.22,15.84,12.42,12.84,0
10/5/2018,14.82,17.36,11.72,14.29,0
10/8/2018,15.69,18.38,15.69,16.05,0
10/9/2018,15.95,17.49,15.27,16.12,0
10/10/2018,22.96,22.96,15.83,16.03,0
10/11/2018,24.98,28.84,20.65,23.07,0
10/12/2018,21.31,26.8,20.88,21.63,0
10/15/2018,21.3,22.89,19.47,21.97,0
10/16/2018,17.62,20.56,17.55,20.28,0
10/17/2018,17.4,19.55,17.06,17.06,0
10/18/2018,20.06,21.57,17.51,18.02,0
10/19/2018,19.89,21.08,18.39,19.24,0
10/22/2018,19.64,20.89,18.82,19.38,0
10/23/2018,20.71,24.66,20.18,22.18,0
10/24/2018,25.23,26.38,20.4,21.6,0
10/25/2018,24.22,24.78,22.06,24.78,0
10/26/2018,24.16,27.52,23.33,24.51,0
10/29/2018,24.7,27.86,22.01,24.48,0
10/30/2018,23.35,25.55,23.11,23.94,0
10/31/2018,21.23,22.8,20.39,22.72,0
11/1/2018,19.34,21.21,19.03,20.96,0
11/2/2018,19.51,21.61,18.05,18.52,0
11/5/2018,19.96,20.87,19.64,20.58,0
11/6/2018,19.91,20.6,19.69,19.84,0
11/7/2018,16.36,18.05,16.33,18.03,0
11/8/2018,16.72,17.2,16.09,16.18,0
11/9/2018,17.36,18.41,16.84,16.87,0
11/12/2018,20.45,20.71,17.25,17.26,0
11/13/2018,20.02,21.25,19.11,19.45,0
11/14/2018,21.25,22.36,19.3,20.52,0
11/15/2018,19.98,22.97,19.94,20.41,0
11/16/2018,18.14,21.36,18.1,20.04,0
11/19/2018,20.1,20.99,18.52,18.78,0
11/20/2018,22.48,23.81,20.37,20.76,0
11/21/2018,20.8,22.31,20.11,21.66,0
11/23/2018,21.52,22.65,20.65,21.23,0
11/26/2018,18.9,20.8,18.67,20.78,0
11/27/2018,19.02,19.93,18.7,19.41,0
11/28/2018,18.49,19.38,18.18,18.87,0
11/29/2018,18.79,20.48,18.59,18.65,0
11/30/2018,18.07,19.91,18.03,19.18,0
12/3/2018,16.44,17.28,15.94,16.04,0
12/4/2018,20.74,21.94,16.26,16.84,0
12/6/2018,21.19,25.94,20.94,23.53,0
12/7/2018,23.23,24.71,19.9,22.42,0
12/10/2018,22.64,25.94,22.5,23.95,0
12/11/2018,21.76,23.6,21.39,22.96,0
12/12/2018,21.46,21.91,20.5,21.91,0
12/13/2018,20.65,21.57,20.34,21,0
12/14/2018,21.63,22.47,20.95,21.57,0
12/17/2018,24.52,25.88,21.97,22.36,0
12/18/2018,25.58,26.14,23.64,24.68,0
12/19/2018,25.58,26.64,22.5,25.15,0
12/20/2018,28.38,30.3,24.68,26.09,0
12/21/2018,30.11,31.35,25.71,28.24,0
12/24/2018,36.07,36.1,29.16,29.29,0
12/26/2018,30.41,36.2,29.59,35.5,0
12/27/2018,29.96,33.8,29.66,31.2,0
12/28/2018,28.34,31.05,27.43,29.97,0
12/31/2018,25.42,27.64,25.33,27.59,0
1/2/2019,23.22,28.53,23.05,27.54,0
1/3/2019,25.45,26.6,24.05,25.68,0
1/4/2019,21.38,24.48,21.19,24.36,0
1/7/2019,21.4,22.71,20.91,22.06,0
1/8/2019,20.47,22.03,20.09,20.96,0
1/9/2019,19.98,22.8,19.48,20.44,0
1/10/2019,19.5,21.32,19.29,20.98,0
1/11/2019,18.19,20.16,18.12,19.68,0
1/14/2019,19.07,20.27,18.7,19.84,0
1/15/2019,18.6,19.2,17.98,18.53,0
1/16/2019,19.04,19.04,17.76,18.08,0
1/17/2019,18.06,19.72,17.85,19.51,0
1/18/2019,17.8,18.18,17.17,17.8,0
1/22/2019,20.8,21.15,18.2,18.53,0
1/23/2019,19.52,22.02,19.47,20.85,0
1/24/2019,18.89,20.25,18.63,19.69,0
1/25/2019,17.42,18.46,17.31,18.43,0
1/28/2019,18.87,20.42,18.42,18.56,0
1/29/2019,19.13,19.93,18.42,19.45,0
1/30/2019,17.66,19.31,17.54,19.15,0
1/31/2019,16.57,17.72,16.54,17.39,0
2/1/2019,16.14,16.83,16.08,16.63,0
2/4/2019,15.73,16.73,15.6,16.72,0
2/5/2019,15.57,15.94,15.04,15.79,0
2/6/2019,15.38,15.87,15.09,15.44,0
2/7/2019,16.37,17.89,15.51,15.66,0
2/8/2019,15.72,17.63,15.62,16.81,0
2/11/2019,15.97,16.5,15.34,16.17,0
2/12/2019,15.43,15.65,14.95,15.23,0
2/13/2019,15.65,15.91,15,15.46,0
2/14/2019,16.22,17.27,15.3,15.61,0
2/15/2019,14.91,16.82,14.79,16.82,0
2/19/2019,14.88,16.16,14.64,15.65,0
2/20/2019,14.02,15.19,13.99,14.92,0
2/21/2019,14.46,15.17,13.85,14,0
2/22/2019,13.51,14.47,13.51,14.46,0
2/25/2019,14.85,14.9,13.44,13.91,0
2/26/2019,15.17,15.28,14.52,15.16,0
2/27/2019,14.7,16.17,14.7,15.53,0
2/28/2019,14.78,15.24,14.39,15.17,0
3/1/2019,13.57,14.84,13.41,14.57,0
3/4/2019,14.63,16.98,13.38,13.77,0
3/5/2019,14.74,15.39,14.26,14.52,0
3/6/2019,15.74,16.11,14.74,14.91,0
3/7/2019,16.59,17.81,15.54,16.33,0
3/8/2019,16.05,18.33,16.02,17.38,0
3/11/2019,14.33,16.43,14.33,16.28,0
3/12/2019,13.77,14.7,13.61,13.97,0
3/13/2019,13.41,14.05,13.25,14,0
3/14/2019,13.5,13.84,13.16,13.35,0
3/15/2019,12.88,13.28,12.5,13.21,0
3/18/2019,13.1,13.8,13,13.13,0
3/19/2019,13.56,13.77,12.37,12.89,0
3/20/2019,13.91,14.3,13.05,13.54,0
3/21/2019,13.63,14.56,13.26,14.11,0
3/22/2019,16.48,17.52,13.62,13.77,0
3/25/2019,16.33,17.85,16.26,17.76,0
3/26/2019,14.68,16.3,14.67,16.22,0
3/27/2019,15.15,16.71,14.51,14.52,0
3/28/2019,14.43,15.62,14.41,15.38,0
3/29/2019,13.71,14.43,13.64,14.19,0
4/1/2019,13.4,14.01,13.32,13.9,0
4/2/2019,13.36,13.68,13.13,13.62,0
4/3/2019,13.74,14.27,12.85,13.06,0
4/4/2019,13.58,14.03,13.4,13.84,0
4/5/2019,12.82,13.47,12.17,13.46,0
4/8/2019,13.18,13.77,13.1,13.55,0
4/9/2019,14.28,14.39,13.31,13.46,0
4/10/2019,13.3,14.29,13.27,14.09,0
4/11/2019,13.02,13.58,12.91,13.37,0
4/12/2019,12.01,12.96,11.95,12.96,0
4/15/2019,12.32,13.14,12.24,12.46,0
4/16/2019,12.18,12.47,11.85,12.26,0
4/17/2019,12.6,13.02,11.03,12.12,0
4/18/2019,12.09,13.12,12.02,12.8,0
4/22/2019,12.42,13.36,12.38,13.21,0
4/23/2019,12.28,12.69,12.08,12.66,0
4/24/2019,13.14,13.23,12.26,12.53,0
4/25/2019,13.25,14.3,12.81,13.29,0
4/26/2019,12.73,13.62,12.49,13.44,0
4/29/2019,13.11,13.27,12.65,13.04,0
4/30/2019,13.12,14.05,12.88,13.11,0
5/1/2019,14.8,14.83,12.74,12.86,0
5/2/2019,14.42,15.92,13.8,14.35,0
5/3/2019,12.87,14.15,12.8,14.11,0
5/6/2019,15.44,18.8,12.89,12.89,0
5/7/2019,19.32,21.84,15.8,15.9,0
5/8/2019,19.4,21.74,18.29,18.95,0
5/9/2019,19.1,23.38,18.87,21.4,0
5/10/2019,16.04,20.19,15.57,18.79,0
5/13/2019,20.55,21.32,18.35,18.62,0
5/14/2019,18.06,19.65,17.45,19.4,0
5/15/2019,16.44,19.15,16.41,17.57,0
5/16/2019,15.29,17.13,15.16,16.69,0
5/17/2019,15.96,16.81,14.86,15.89,0
5/20/2019,16.31,17.63,15.46,15.88,0
5/21/2019,14.95,16.22,14.79,15.86,0
5/22/2019,14.75,15.44,14.42,15.06,0
5/23/2019,16.92,18.05,15.28,15.93,0
5/24/2019,15.85,16.52,15.52,16.34,0
5/28/2019,17.5,17.7,15.9,16.55,0
5/29/2019,17.9,19.04,17.62,18.55,0
5/30/2019,17.3,18.11,16.72,17.47,0
5/31/2019,18.71,19.72,18.01,19.05,0
6/3/2019,18.86,19.75,18.16,19.41,0
6/4/2019,16.97,18.74,16.97,18.74,0
6/5/2019,16.09,17.49,16.04,17.06,0
6/6/2019,15.93,16.54,15.36,16.25,0
6/7/2019,16.3,16.44,15.33,15.65,0
6/10/2019,15.94,16.47,15.84,16.3,0
6/11/2019,15.99,16.7,15.5,15.84,0
6/12/2019,15.91,16.43,15.78,16.26,0
6/13/2019,15.82,16.21,15.61,16.16,0
6/14/2019,15.28,16.4,15.21,16,0
6/17/2019,15.35,15.76,15.24,15.65,0
6/18/2019,15.15,15.54,14.62,14.89,0
6/19/2019,14.33,15.71,14.15,15.05,0
6/20/2019,14.75,16.03,13.19,14.04,0
6/21/2019,15.4,15.48,14.42,14.74,0
6/24/2019,15.26,15.56,15.23,15.46,0
6/25/2019,16.28,16.68,15.1,15.43,0
6/26/2019,16.21,16.6,15.47,16.1,0
6/27/2019,15.82,16.4,15.66,15.66,0
6/28/2019,15.08,16.13,15.08,15.7,0
7/1/2019,14.06,14.64,13.8,13.85,0
7/2/2019,12.93,14.3,12.9,14.16,0
7/3/2019,12.57,13.19,12.56,13.18,0
7/5/2019,13.28,14.47,12.04,13,0
7/8/2019,13.96,14.44,13.64,13.73,0
7/9/2019,14.09,14.71,13.99,14.47,0
7/10/2019,13.03,14.69,12.98,14.38,0
7/11/2019,12.93,13.33,12.39,13.01,0
7/12/2019,12.39,12.82,12.28,12.76,0
7/15/2019,12.68,13.02,12.49,12.58,0
7/16/2019,12.86,13.14,12.28,12.61,0
7/17/2019,13.97,13.97,12.24,12.62,0
7/18/2019,13.53,14.5,13.19,14.45,0
7/19/2019,14.45,14.45,13.09,13.31,0
7/22/2019,13.53,14.7,13.42,14.55,0
7/23/2019,12.61,13.52,12.55,13.42,0
7/24/2019,12.07,13.1,11.98,12.8,0
7/25/2019,12.74,13.54,11.69,12.24,0
7/26/2019,12.16,12.72,12.01,12.58,0
7/29/2019,12.83,13.17,12.15,12.15,0
7/30/2019,13.94,14.18,12.87,12.87,0
7/31/2019,16.12,16.55,13.46,13.83,0
8/1/2019,17.87,19.46,13.73,15.41,0
8/2/2019,17.61,20.11,17.04,17.69,0
8/5/2019,24.59,24.81,19.91,19.96,0
8/6/2019,20.17,22.87,19.77,22.29,0
8/7/2019,19.49,23.67,18.94,20.7,0
8/8/2019,16.91,19.89,16.82,19.36,0
8/9/2019,17.97,19.44,17.31,18.14,0
8/12/2019,21.09,21.26,17.77,17.87,0
8/13/2019,17.52,21.64,17.52,21.28,0
8/14/2019,22.1,22.71,17.75,17.81,0
8/15/2019,21.18,24.1,20.78,21.58,0
8/16/2019,18.47,20.5,18.41,20.48,0
8/19/2019,16.88,18.22,16.52,17.93,0
8/20/2019,17.5,17.7,16.45,16.78,0
8/21/2019,15.8,17.04,15.51,17.01,0
8/22/2019,16.68,17.68,15.63,16.12,0
8/23/2019,19.87,21.07,16.04,16.15,0
8/26/2019,19.32,21.33,19.06,20.34,0
8/27/2019,20.31,21.04,18.49,20.18,0
8/28/2019,19.35,21.64,19.1,20.55,0
8/29/2019,17.88,19.2,17.6,19.02,0
8/30/2019,18.98,19.18,17.09,17.94,0
9/3/2019,19.66,21.15,19.41,20.96,0
9/4/2019,17.33,18.83,17.26,18.23,0
9/5/2019,16.27,17.05,15.45,16.92,0
9/6/2019,15,16.06,14.91,15.92,0
9/9/2019,15.27,16.13,14.95,15.26,0
9/10/2019,15.2,16.52,15.11,15.53,0
9/11/2019,14.61,15.52,14.55,15.33,0
9/12/2019,14.22,14.94,13.85,14.69,0
9/13/2019,13.74,14.31,13.51,14.16,0
9/16/2019,14.67,15.29,14.5,14.89,0
9/17/2019,14.44,15.03,14.4,14.92,0
9/18/2019,13.95,15.8,13.8,14.61,0
9/19/2019,14.05,14.66,13.31,14.66,0
9/20/2019,15.32,15.84,13.35,13.94,0
9/23/2019,14.91,16,14.71,15.35,0
9/24/2019,17.05,17.62,14.33,14.77,0
9/25/2019,15.96,18.45,15.69,17.05,0
9/26/2019,16.07,17.09,15.35,16.23,0
9/27/2019,17.22,18.69,15.15,15.77,0
9/30/2019,16.24,17.35,16.2,17.23,0
10/1/2019,18.56,18.62,15.79,16.02,0
10/2/2019,20.56,21.46,18.75,18.75,0
10/3/2019,19.12,21.44,19.03,20.11,0
10/4/2019,17.04,19.97,16.97,19.42,0
10/7/2019,17.86,18.52,16.44,18.27,0
10/8/2019,20.28,20.38,17.42,17.61,0
10/9/2019,18.64,20,17.77,19.94,0
10/10/2019,17.57,19.8,17.56,19.28,0
10/11/2019,15.58,17.44,15.11,17.35,0
10/14/2019,14.57,16.5,14.51,15.66,0
10/15/2019,13.54,14.43,13.39,13.94,0
10/16/2019,13.68,14.26,13.6,13.94,0
10/17/2019,13.79,14.18,13.31,13.79,0
10/18/2019,14.25,15.16,13.78,14.2,0
10/21/2019,14,14.63,14,14.24,0
10/22/2019,14.46,14.61,13.7,13.99,0
10/23/2019,14.01,15.12,14.01,14.83,0
10/24/2019,13.71,14.34,13.4,13.98,0
10/25/2019,12.65,13.79,12.62,13.53,0
10/28/2019,13.11,13.14,12.66,13.01,0
10/29/2019,13.2,13.52,13.07,13.16,0
10/30/2019,12.33,13.37,12.27,13.08,0
10/31/2019,13.22,13.95,13.18,13.51,0
11/1/2019,12.3,12.6,12.26,12.5,0
11/4/2019,12.83,13.13,12.44,12.68,0
11/5/2019,13.1,13.28,12.25,12.85,0
11/6/2019,12.62,13.39,12.6,13.18,0
11/7/2019,12.73,12.89,12.26,12.59,0
11/8/2019,12.07,13.05,12,12.98,0
11/11/2019,12.69,13.49,12.66,13.15,0
11/12/2019,12.68,13.1,12.36,12.64,0
11/13/2019,13,13.9,12.88,12.91,0
11/14/2019,13.05,13.81,12.93,13.16,0
11/15/2019,12.05,12.97,11.92,12.95,0
11/18/2019,12.46,13.1,12.32,12.39,0
11/19/2019,12.86,13.01,12.16,12.33,0
11/20/2019,12.78,14.17,12.61,13.42,0
11/21/2019,13.13,13.86,12.49,13.35,0
11/22/2019,12.34,13.25,12.33,12.82,0
11/25/2019,11.87,12.59,11.73,12.51,0
11/26/2019,11.54,12.04,11.42,11.88,0
11/27/2019,11.75,11.79,11.44,11.55,0
11/29/2019,12.62,12.83,12.12,12.5,0
12/2/2019,14.91,15.27,12.55,12.69,0
12/3/2019,15.96,17.99,14.61,14.68,0
12/4/2019,14.8,16.4,14.12,16.38,0
12/5/2019,14.52,15.37,14.17,14.46,0
12/6/2019,13.62,14.47,13.19,14.37,0
12/9/2019,15.86,16.07,12.25,14.25,0
12/10/2019,15.68,16.9,14.93,15.8,0
12/11/2019,14.99,15.97,14.98,15.57,0
12/12/2019,13.94,15.55,13.6,14.94,0
12/13/2019,12.63,14.35,12.54,13.18,0
12/16/2019,12.14,12.53,11.71,12.47,0
12/17/2019,12.29,12.47,11.9,12.23,0
12/18/2019,12.58,12.7,11.93,12.24,0
12/19/2019,12.5,12.78,12.43,12.55,0
12/20/2019,12.51,12.61,12.04,12.55,0
12/23/2019,12.61,12.9,12.41,12.81,0
12/24/2019,12.67,12.84,12.56,12.65,0
12/26/2019,12.65,12.75,11.72,12.74,0
12/27/2019,13.43,13.72,11.89,12.61,0
12/30/2019,14.82,15.14,13.44,13.74,0
12/31/2019,13.78,15.39,13.75,14.84,0
1/2/2020,12.47,13.72,12.42,13.46,0
1/3/2020,14.02,16.2,13.13,15.01,0
1/6/2020,13.85,16.39,13.54,15.45,0
1/7/2020,13.79,14.46,13.39,13.84,0
1/8/2020,13.45,15.24,12.83,15.16,0
1/9/2020,12.54,13.24,12.53,12.95,0
1/10/2020,12.56,12.87,12.09,12.42,0
1/13/2020,12.32,13.09,12.32,12.84,0
1/14/2020,12.39,13.82,12.05,12.72,0
1/15/2020,12.42,12.83,11.95,12.79,0
1/16/2020,12.32,12.42,11.78,12.2,0
1/17/2020,12.1,12.48,11.75,12.21,0
1/21/2020,12.85,13.33,12.32,13.23,0
1/22/2020,12.91,13.01,12.31,12.45,0
1/23/2020,12.98,14.15,12.94,13.26,0
1/24/2020,14.56,15.98,12.62,12.75,0
1/27/2020,18.23,19.02,16.82,17.42,0
1/28/2020,16.28,18.03,15.69,16.94,0
1/29/2020,16.39,16.65,14.94,15.68,0
1/30/2020,15.49,18.39,15.3,17.82,0
1/31/2020,18.84,19.99,16.18,16.25,0
2/3/2020,17.97,18.88,17.1,18.64,0
2/4/2020,16.05,16.46,15.63,16.45,0
2/5/2020,15.15,16.32,15.02,16.29,0
2/6/2020,14.96,15.66,14.7,15.13,0
2/7/2020,15.47,16.16,14.81,15.07,0
2/10/2020,15.04,16.43,15.01,15.88,0
2/11/2020,15.18,15.27,14.38,14.91,0
2/12/2020,13.74,14.88,13.73,14.86,0
2/13/2020,14.15,15.44,14,14.43,0
2/14/2020,13.68,14.54,13.38,14.12,0
2/18/2020,14.83,15.49,14.53,14.98,0
2/19/2020,14.38,14.74,14.21,14.66,0
2/20/2020,15.56,17.21,14.49,14.54,0
2/21/2020,17.08,18.21,16.19,17.33,0
2/24/2020,25.03,26.35,22,22.25,0
2/25/2020,27.85,30.25,22.19,22.19,0
2/26/2020,27.56,29.57,24.76,26.63,0
2/27/2020,39.16,39.31,27.79,28.95,0
2/28/2020,40.11,49.48,39.37,42.02,0
3/2/2020,33.42,40.41,31.5,38.54,0
3/3/2020,36.82,41.06,24.93,33.65,0
3/4/2020,31.99,35.58,30.3,34.44,0
3/5/2020,39.62,42.84,33.54,33.61,0
3/6/2020,41.94,54.39,40.84,48.93,0
3/9/2020,54.46,62.12,41.94,41.94,0
3/10/2020,47.3,55.66,43.56,49.68,0
3/11/2020,53.9,55.82,49.98,52.24,0
3/12/2020,75.47,76.83,59.91,61.46,0
3/13/2020,57.83,77.57,55.17,71.31,0
3/16/2020,82.69,83.56,57.83,57.83,0
3/17/2020,75.91,84.83,70.37,82.69,0
3/18/2020,76.45,85.47,69.37,69.37,0
3/19/2020,72,84.26,68.57,80.62,0
3/20/2020,66.04,69.51,57.42,67.86,0
3/23/2020,61.59,76.74,60.46,74.08,0
3/24/2020,61.67,61.88,36.24,58.76,0
3/25/2020,63.95,68.86,58.03,61.44,0
3/26/2020,61,67.06,57.66,65.67,0
3/27/2020,65.54,69.1,61.8,64.95,0
3/30/2020,57.08,67.69,56.6,66.3,0
3/31/2020,53.54,58.75,50.88,56.69,0
4/1/2020,57.06,60.59,52.76,57.38,0
4/2/2020,50.91,57.24,50.45,54.46,0
4/3/2020,46.8,52.29,46.74,51.11,0
4/6/2020,45.24,45.73,43.45,44.17,0
4/7/2020,46.7,47.51,43.51,44.83,0
4/8/2020,43.35,47.28,42.53,45.9,0
4/9/2020,41.67,45.73,41.39,43,0
4/13/2020,41.17,45.04,41.17,44.6,0
4/14/2020,37.76,40.57,37.31,40.24,0
4/15/2020,40.84,43.23,40.05,42.57,0
4/16/2020,40.11,43.02,39.87,41.92,0
4/17/2020,38.15,40.26,37.63,39.5,0
4/20/2020,43.83,43.83,39.88,40.68,0
4/21/2020,45.41,47.77,43.77,44.28,0
4/22/2020,41.98,45.07,41.41,44.91,0
4/23/2020,41.38,42.47,39.06,41.3,0
4/24/2020,35.93,40.17,35.6,38.8,0
4/27/2020,33.29,36.44,32.51,36.29,0
4/28/2020,33.57,35.39,30.54,33.21,0
4/29/2020,31.23,33.19,30.71,32.48,0
4/30/2020,34.15,35.94,30.93,30.99,0
5/1/2020,37.19,39.57,36.59,38.17,0
5/4/2020,35.97,40.32,35.53,39.13,0
5/5/2020,33.61,36.22,31.95,34.82,0
5/6/2020,34.12,35.69,31.68,32.69,0
5/7/2020,31.44,32.28,30.37,32.12,0
5/8/2020,27.98,30.39,27.89,30.14,0
5/11/2020,27.57,31.46,26.97,28.46,0
5/12/2020,33.04,33.04,26,28.47,0
5/13/2020,35.28,37.42,30.77,32.74,0
5/14/2020,32.61,39.28,32.33,35.16,0
5/15/2020,31.89,35.13,31.04,32.5,0
5/18/2020,29.3,31.08,28.35,30.71,0
5/19/2020,30.53,30.74,28.37,28.73,0
5/20/2020,27.99,29.83,27.83,29.52,0
5/21/2020,29.53,30.2,27.67,28.97,0
5/22/2020,28.16,31.55,28.03,31.36,0
5/26/2020,28.01,28.58,27.18,27.72,0
5/27/2020,27.62,30.53,25.92,27.62,0
5/28/2020,28.59,29.89,27.43,27.82,0
5/29/2020,27.51,30.16,27.29,29.3,0
6/1/2020,28.23,30.6,28.11,28.94,0
6/2/2020,26.84,28.52,26.66,28.4,0
6/3/2020,25.66,26.98,25.04,26.75,0
6/4/2020,25.81,26.43,24.38,26.23,0
6/5/2020,24.52,25.09,23.54,24.79,0
6/8/2020,25.81,25.98,24.65,25.56,0
6/9/2020,27.57,27.7,25.71,25.93,0
6/10/2020,27.57,29.01,26.06,26.73,0
6/11/2020,40.79,42.58,29.49,30.45,0
6/12/2020,36.09,44.16,34.97,37.68,0
6/15/2020,34.4,44.44,34.28,44.09,0
6/16/2020,33.67,37.45,31.73,34.28,0
6/17/2020,33.47,35.17,32.25,33.28,0
6/18/2020,32.94,36.25,32.24,33.83,0
6/19/2020,35.12,35.12,30.4,32.07,0
6/22/2020,31.77,35.39,31.64,35.22,0
6/23/2020,31.37,31.71,29.26,31.71,0
6/24/2020,33.84,37.12,30.95,31.05,0
6/25/2020,32.22,36.93,31.59,36.59,0
6/26/2020,34.73,36.25,31.04,33.01,0
6/29/2020,31.78,36.31,31.78,35.05,0
6/30/2020,30.43,32.94,29.56,32.54,0
7/1/2020,28.62,31.76,28.2,30.96,0
7/2/2020,27.68,28.44,25.9,28.33,0
7/6/2020,27.94,28.33,24.92,27.76,0
7/7/2020,29.43,29.63,27.25,28.77,0
7/8/2020,28.08,30.2,27.24,28.95,0
7/9/2020,29.26,31.48,26.11,28.18,0
7/10/2020,27.29,30.91,27.13,30.86,0
7/13/2020,32.19,32.45,26.87,27.85,0
7/14/2020,29.52,33.67,29.21,31.14,0
7/15/2020,27.76,30.09,27.17,29.15,0
7/16/2020,28,29.29,26.98,28.41,0
7/17/2020,25.68,27.54,25.41,27.15,0
7/20/2020,24.46,27.08,24.35,26.94,0
7/21/2020,24.84,25.65,23.61,24.08,0
7/22/2020,24.32,26.26,24.13,24.56,0
7/23/2020,26.08,26.95,23.6,23.97,0
7/24/2020,25.84,28.58,25.53,27.96,0
7/27/2020,24.74,26.94,24.55,26.6,0
7/28/2020,25.44,25.85,24.05,24.86,0
7/29/2020,24.1,25.42,23.73,25.16,0
7/30/2020,24.76,28.29,24.64,25.04,0
7/31/2020,24.46,26.41,23.55,24.79,0
8/3/2020,24.28,26.01,22.17,25.75,0
8/4/2020,23.76,24.76,22.92,24.01,0
8/5/2020,22.99,23.61,22.86,23.44,0
8/6/2020,22.65,24.11,20.97,23.03,0
8/7/2020,22.21,24.02,22.02,23.45,0
8/10/2020,22.13,23.52,21.46,22.88,0
8/11/2020,24.03,24.93,20.28,21.85,0
8/12/2020,22.28,22.88,21.54,22.82,0
8/13/2020,22.13,22.92,21.45,22.2,0
8/14/2020,22.05,23.55,21.79,22.27,0
8/17/2020,21.35,22.82,21.34,22.52,0
8/18/2020,21.51,22.55,21.18,21.69,0
8/19/2020,22.54,22.98,20.99,21.6,0
8/20/2020,22.72,24.6,22.37,24.1,0
8/21/2020,22.54,24.47,22.06,22.58,0
8/24/2020,22.37,23.18,21.25,22.87,0
8/25/2020,22.03,23.43,21.53,22.16,0
8/26/2020,23.27,23.27,20.92,22.14,0
8/27/2020,24.47,27.09,21.44,23.42,0
8/28/2020,22.96,26.3,22.64,24.59,0
8/31/2020,26.41,26.5,21.77,23.91,0
9/1/2020,26.12,26.59,25.02,25.86,0
9/2/2020,26.57,27.07,25.53,26.01,0
9/3/2020,33.6,35.94,25.66,26.28,0
9/4/2020,30.75,38.28,29.5,34.62,0
9/8/2020,31.46,35.93,30.52,30.61,0
9/9/2020,28.81,31.78,28.12,31.68,0
9/10/2020,29.71,30.56,27.59,28.67,0
9/11/2020,26.87,29.73,26.51,28.63,0
9/14/2020,25.85,26.79,25.38,25.86,0
9/15/2020,25.59,26,24.92,25.92,0
9/16/2020,26.04,26.59,24.84,25.31,0
9/17/2020,26.46,28.92,26.26,28.22,0
9/18/2020,25.83,28.1,25.28,26.65,0
9/21/2020,27.78,31.18,27.39,28.04,0
9/22/2020,26.86,28.78,26.48,28.61,0
9/23/2020,28.58,29.73,25.19,27.02,0
9/24/2020,28.51,30.49,27.94,29.54,0
9/25/2020,26.38,30.43,26.02,28.17,0
9/28/2020,26.19,27.19,24.9,27.15,0
9/29/2020,26.27,27.43,25.98,26.81,0
9/30/2020,26.37,27.12,25.06,26.69,0
10/1/2020,26.7,27.11,25.33,25.78,0
10/2/2020,27.63,29.9,26.93,28.87,0
10/5/2020,27.96,29.69,27.27,29.52,0
10/6/2020,29.48,30,26.01,28.05,0
10/7/2020,28.06,29.76,27.94,29.26,0
10/8/2020,26.36,27.99,24.88,27.65,0
10/9/2020,25,26.22,24.03,26.2,0
10/12/2020,25.07,25.65,24.14,25.65,0
10/13/2020,26.07,26.93,25.16,25.67,0
10/14/2020,26.4,27.23,25.53,25.72,0
10/15/2020,26.97,29.06,26.82,27.1,0
10/16/2020,27.41,27.46,26.19,27.16,0
10/19/2020,29.18,29.69,27.04,27.36,0
10/20/2020,29.35,29.6,28.29,28.81,0
10/21/2020,28.65,30.55,28.37,29.12,0
10/22/2020,28.11,30.12,27.68,30.1,0
10/23/2020,27.55,28.67,27.26,28.47,0
10/26/2020,32.46,33.68,29.22,29.38,0
10/27/2020,33.35,33.77,31.85,32.04,0
10/28/2020,40.28,40.77,34.68,34.69,0
10/29/2020,37.59,41.16,35.63,38.8,0
10/30/2020,38.02,41.09,36.5,40.81,0
11/2/2020,37.13,38.78,36.13,38.57,0
11/3/2020,35.55,36.44,34.19,36.44,0
11/4/2020,29.57,36.85,28.03,36.79,0
11/5/2020,27.58,28.14,26.04,27.56,0
11/6/2020,24.86,29.44,24.56,27.87,0
11/9/2020,25.75,25.82,22.41,24.8,0
11/10/2020,24.8,26.77,24.35,25.36,0
11/11/2020,23.45,25.12,22.57,25.01,0
11/12/2020,25.35,27.27,23.53,24.39,0
11/13/2020,23.1,25.03,22.74,24.94,0
11/16/2020,22.45,24.08,22.43,23.66,0
11/17/2020,22.71,24.09,22.34,22.84,0
11/18/2020,23.84,23.92,21.66,22.86,0
11/19/2020,23.11,24.52,22.56,23.62,0
11/20/2020,23.7,23.73,22.13,23.43,0
11/23/2020,22.66,23.96,22.45,23.66,0
11/24/2020,21.64,22.48,20.8,22.04,0
11/25/2020,21.25,22.5,21.13,21.65,0
11/27/2020,20.84,21.6,19.51,21.52,0
11/30/2020,20.57,22.89,20.48,22.64,0
12/1/2020,20.77,20.92,20,20.21,0
12/2/2020,21.17,21.25,20.04,21,0
12/3/2020,21.28,21.88,20.72,21.24,0
12/4/2020,20.79,21.15,19.97,21.05,0
12/7/2020,21.3,22.62,21.17,22.04,0
12/8/2020,20.68,22.25,20.52,21.65,0
12/9/2020,22.27,22.93,20.1,20.66,0
12/10/2020,22.52,23.46,21.53,22.12,0
12/11/2020,23.31,25.14,22.48,22.49,0
12/14/2020,24.72,24.82,21.95,22.67,0
12/15/2020,22.89,24.07,22.73,24,0
12/16/2020,22.5,23.67,22.29,22.51,0
12/17/2020,21.93,22.27,21.52,21.98,0
12/18/2020,21.57,23.77,21.57,22.15,0
12/21/2020,25.16,31.46,24.23,24.25,0
12/22/2020,24.23,25.56,23.53,25.24,0
12/23/2020,23.31,23.68,22.13,23.49,0
12/24/2020,21.53,22.83,21.39,22.47,0
12/28/2020,21.7,22.12,21.15,22.11,0
12/29/2020,23.08,23.72,20.99,21.61,0
12/30/2020,22.77,23.15,22.41,22.58,0
12/31/2020,22.75,23.25,21.24,22.99,0
1/4/2021,26.97,29.19,22.56,23.04,0
1/5/2021,25.34,28.6,24.8,26.94,0
1/6/2021,25.07,26.77,22.14,25.48,0
1/7/2021,22.37,23.91,22.25,23.67,0
1/8/2021,21.56,23.34,21.42,22.43,0
1/11/2021,24.08,24.81,23.23,23.31,0
1/12/2021,23.33,25.15,22.83,23.49,0
1/13/2021,22.21,24.18,21.92,23.07,0
1/14/2021,23.25,23.47,21.66,22.22,0
1/15/2021,24.34,25.8,23.08,23.52,0
1/19/2021,23.24,23.56,22.53,23.03,0
1/20/2021,21.58,22.86,21.37,22.82,0
1/21/2021,21.32,22.22,21.09,21.34,0
1/22/2021,21.91,23.73,21.27,22.24,0
1/25/2021,23.19,26.63,22.2,22.31,0
1/26/2021,23.02,23.94,22.55,23.91,0
1/27/2021,37.21,37.21,23.71,23.82,0
1/28/2021,30.21,36.29,27.39,33.25,0
1/29/2021,33.09,37.51,29.24,35.16,0
2/1/2021,30.24,33.96,29.03,31.45,0
2/2/2021,25.56,28.08,25.31,28.01,0
2/3/2021,22.91,25.43,22.91,24.59,0
2/4/2021,21.77,23.44,21.68,23.44,0
2/5/2021,20.87,22.16,20.86,21.99,0
2/8/2021,21.24,22.07,21.23,21.89,0
2/9/2021,21.63,22.26,20.65,21.57,0
2/10/2021,21.99,23.85,19.69,21.64,0
2/11/2021,21.25,23.25,21.11,22.09,0
2/12/2021,19.97,22.45,19.95,21.6,0
2/16/2021,21.46,22.46,20.88,21.13,0
2/17/2021,21.5,23.44,21.09,22.02,0
2/18/2021,22.49,24.23,21.8,21.98,0
2/19/2021,22.05,23.19,20.84,23.1,0
2/22/2021,23.45,25.09,21.96,24.46,0
2/23/2021,23.11,27.01,22.5,22.82,0
2/24/2021,21.34,25.04,21.31,23.76,0
2/25/2021,28.89,31.16,21.52,21.73,0
2/26/2021,27.95,30.82,25.23,28.73,0
3/1/2021,23.35,25.39,23.17,25.2,0
3/2/2021,24.1,24.6,22.8,23.58,0
3/3/2021,26.67,26.79,22.45,22.8,0
3/4/2021,28.57,31.9,24.93,26.52,0
3/5/2021,24.66,30.03,24.33,29.48,0
3/8/2021,25.47,28.39,24.07,27.61,0
3/9/2021,24.03,25.25,22.9,25.11,0
3/10/2021,22.56,23.87,22.38,23.76,0
3/11/2021,21.91,22.5,21.45,22.5,0
3/12/2021,20.69,22.99,20.63,22.57,0
3/15/2021,20.03,21.86,19.87,21.84,0
3/16/2021,19.79,20.31,19.33,20.14,0
3/17/2021,19.23,20.95,19.18,20.1,0
3/18/2021,21.58,22.6,18.95,18.95,0
3/19/2021,20.95,23.17,19.9,21.43,0
3/22/2021,18.88,22.29,18.87,21.91,0
3/23/2021,20.3,21.58,18.8,19.46,0
3/24/2021,21.2,21.49,19.3,20.64,0
3/25/2021,19.81,23.55,19.81,20.8,0
3/26/2021,18.86,21.49,18.68,19.32,0
3/29/2021,20.74,21.6,19.42,20.4,0
3/30/2021,19.61,21.75,19.47,20.76,0
3/31/2021,19.4,20.11,18.85,19.8,0
4/1/2021,17.33,18.64,17.29,18.6,0
4/5/2021,17.91,18.4,17.35,18.16,0
4/6/2021,18.12,18.3,17.37,18.07,0
4/7/2021,17.16,18.17,16.87,17.99,0
4/8/2021,16.95,17.36,16.55,16.92,0
4/9/2021,16.69,17.34,16.2,17.05,0
4/12/2021,16.91,17.91,16.81,17.43,0
4/13/2021,16.65,17.86,16.43,16.99,0
4/14/2021,16.99,17.69,15.38,16.71,0
4/15/2021,16.57,16.92,15.94,16.78,0
4/16/2021,16.25,16.88,16.05,16.65,0
4/19/2021,17.29,18.61,16.78,17.04,0
4/20/2021,18.68,19.7,17.24,17.36,0
4/21/2021,17.5,19.29,16.91,18.48,0
4/22/2021,18.71,19.9,16.99,17.28,0
4/23/2021,17.33,18.78,16.8,18.56,0
4/26/2021,17.64,18.17,16.87,17.94,0
4/27/2021,17.56,18.16,16.97,17.62,0
4/28/2021,17.28,17.84,16.67,17.47,0
4/29/2021,17.61,18.87,16.77,16.88,0
4/30/2021,18.61,19.25,17.64,17.67,0
5/3/2021,18.31,19.12,17.8,18.65,0
5/4/2021,19.48,21.85,18.11,18.16,0
5/5/2021,19.15,19.58,17.89,18.84,0
5/6/2021,18.39,20.6,18.21,18.41,0
5/7/2021,16.69,18.57,16.68,18.45,0
5/10/2021,19.66,19.75,17.07,17.34,0
5/11/2021,21.84,23.73,20.71,21.17,0
5/12/2021,27.59,28.38,21.66,22.42,0
5/13/2021,23.13,28.93,22.23,26.03,0
5/14/2021,18.81,22.1,18.66,21.77,0
5/17/2021,19.72,21.58,19.67,19.89,0
5/18/2021,21.34,21.45,18.81,18.89,0
5/19/2021,22.18,25.96,21.88,22.46,0
5/20/2021,20.67,23.5,20.19,22.33,0
5/21/2021,20.15,20.89,19.53,20.42,0
5/24/2021,18.4,20.51,18.38,20.5,0
5/25/2021,18.84,19.29,16.87,18.35,0
5/26/2021,17.36,18.92,17.35,18.37,0
5/27/2021,16.74,18.17,16.52,18.03,0
5/28/2021,16.76,16.86,15.9,16.8,0
6/1/2021,17.9,18.53,15.68,17.24,0
6/2/2021,17.48,18.31,16.74,17.86,0
6/3/2021,18.04,19.27,17.45,17.73,0
6/4/2021,16.42,18.42,16.18,18.09,0
6/7/2021,16.42,17.35,15.78,17.34,0
6/8/2021,17.07,17.75,15.15,16.58,0
6/9/2021,17.89,17.96,15.55,17.18,0
6/10/2021,16.1,18.29,16.01,18.18,0
6/11/2021,15.65,16.2,15.15,16.18,0
6/14/2021,16.39,17.04,15.04,16.04,0
6/15/2021,17.02,17.35,16.14,16.27,0
6/16/2021,18.15,19.11,16.42,16.99,0
6/17/2021,17.75,19.22,16.71,18.49,0
6/18/2021,20.7,21.04,16.92,16.96,0
6/21/2021,17.89,21.82,17.81,21.74,0
6/22/2021,16.66,18.32,15.76,17.91,0
6/23/2021,16.32,16.84,14.86,16.25,0
6/24/2021,15.97,16.05,14.19,15.99,0
6/25/2021,15.62,16.17,15.21,16.04,0
6/28/2021,15.76,16.46,15.39,16.07,0
6/29/2021,16.02,16.31,14.1,15.69,0
6/30/2021,15.83,17.31,15.58,16.18,0
7/1/2021,15.48,16.01,15.31,15.62,0
7/2/2021,15.07,15.54,14.25,15.53,0
7/6/2021,16.44,17.94,15.73,15.77,0
7/7/2021,16.2,17.64,16.08,16.43,0
7/8/2021,19,21.29,17.74,17.74,0
7/9/2021,16.18,18.13,16.08,17.88,0
7/12/2021,16.17,17.52,16.14,16.85,0
7/13/2021,17.12,17.23,15.94,16.39,0
7/14/2021,16.33,17.51,15.95,17.34,0
7/15/2021,17.01,18.09,16.56,16.7,0
7/16/2021,18.45,18.7,16.03,16.8,0
7/19/2021,22.5,25.09,19.27,19.61,0
7/20/2021,19.73,22.97,19.37,20.89,0
7/21/2021,17.91,19.82,17.81,19.73,0
7/22/2021,17.69,18.45,17.4,17.59,0
7/23/2021,17.2,17.48,16.33,16.98,0
7/26/2021,17.58,19.39,17.53,18.67,0
7/27/2021,19.36,20.44,18.25,18.62,0
7/28/2021,18.31,19.62,17.52,19.41,0
7/29/2021,17.7,18.01,17.19,17.91,0
7/30/2021,18.24,19.72,17.53,19.69,0
8/2/2021,19.46,19.87,17.99,18.16,0
8/3/2021,18.04,20.44,17.7,19.17,0
8/4/2021,17.97,18.9,17.67,18.23,0
8/5/2021,17.28,17.84,17.23,17.73,0
8/6/2021,16.15,17.5,16.14,17.46,0
8/9/2021,16.72,17.39,16.59,17.12,0
8/10/2021,16.79,17.05,16.34,16.82,0
8/11/2021,16.17,17.09,16.07,16.81,0
8/12/2021,15.59,16.42,15.49,16.33,0
8/13/2021,15.45,15.72,15.19,15.68,0
8/16/2021,16.12,17.71,16.02,17.05,0
8/17/2021,17.91,19.56,16.71,17.31,0
8/18/2021,21.57,21.64,17.31,17.56,0
8/19/2021,21.67,24.74,20.37,23.12,0
8/20/2021,18.56,23.9,18.18,22.74,0
8/23/2021,17.15,18.95,16.95,18.83,0
8/24/2021,17.22,17.51,16.94,16.96,0
8/25/2021,16.79,17.5,16.46,17.42,0
8/26/2021,18.84,19.27,17.16,17.46,0
8/27/2021,16.39,18.22,16.11,17.95,0
8/30/2021,16.19,16.8,15.98,16.77,0
8/31/2021,16.48,17.07,15.91,15.98,0
9/1/2021,16.11,16.71,15.68,16.06,0
9/2/2021,16.41,16.98,15.73,16.27,0
9/3/2021,16.41,17.06,16.08,16.27,0
9/7/2021,18.14,18.39,16.89,16.94,0
9/8/2021,17.96,19.64,17.78,18.97,0
9/9/2021,18.8,19.54,17.17,19.44,0
9/10/2021,20.95,21.13,16.99,17.94,0
9/13/2021,19.37,21.18,18.76,19.64,0
9/14/2021,19.46,20.47,18.39,19.58,0
9/15/2021,18.18,20.27,18.01,19.3,0
9/16/2021,18.69,19.76,17.65,18.41,0
9/17/2021,20.81,21.51,18.35,18.37,0
9/20/2021,25.71,28.79,23.9,24.25,0
9/21/2021,24.36,25.6,21.71,23.41,0
9/22/2021,20.87,23.4,20.75,22.72,0
9/23/2021,18.63,20.21,18.42,19.91,0
9/24/2021,17.75,20.41,17.63,19.33,0
9/27/2021,18.76,19.32,17.74,17.78,0
9/28/2021,23.25,24.82,19.71,19.74,0
9/29/2021,22.56,23.79,21.45,22.07,0
9/30/2021,23.14,24.71,20.6,21.48,0
10/1/2021,21.1,24.89,20.85,24.78,0
10/4/2021,22.96,24.58,21.88,22.9,0
10/5/2021,21.3,23.17,20.62,22.92,0
10/6/2021,21,24.4,20.99,22.95,0
10/7/2021,19.54,20.76,19.07,20.54,0
10/8/2021,18.77,19.94,18.2,19.46,0
10/11/2021,20,20.45,18.11,19.93,0
10/12/2021,19.85,20.81,18.97,20.62,0
10/13/2021,18.64,20.23,18.44,20.14,0
10/14/2021,16.86,18.08,16.8,18.01,0
10/15/2021,16.3,16.85,15.72,16.64,0
10/18/2021,16.31,17.93,16.27,17.29,0
10/19/2021,15.7,16.31,15.57,16.09,0
10/20/2021,15.49,15.89,15.29,15.82,0
10/21/2021,15.01,16.11,14.92,16.06,0
10/22/2021,15.43,16.39,14.84,15.35,0
10/25/2021,15.24,16.33,15.1,16.14,0
10/26/2021,15.98,16.71,14.9,15.02,0
10/27/2021,16.98,17.29,15.54,15.79,0
10/28/2021,16.53,17.16,16.23,17.06,0
10/29/2021,16.26,18.06,16.13,17.4,0
11/1/2021,16.41,17.7,16.32,16.85,0
11/2/2021,16.03,16.65,15.89,16.54,0
11/3/2021,15.1,16.39,14.9,16.11,0
11/4/2021,15.44,16.14,14.73,15.06,0
11/5/2021,16.48,17.02,14.95,15.59,0
11/8/2021,17.22,17.69,16.44,17.23,0
11/9/2021,17.78,18.57,17.21,17.43,0
11/10/2021,18.73,19.9,17.22,17.74,0
11/11/2021,17.66,18.39,17.27,18.34,0
11/12/2021,16.29,17.69,16.15,17.49,0
11/15/2021,16.49,17.46,16.49,17.03,0
11/16/2021,16.37,17.08,16.03,16.86,0
11/17/2021,17.11,17.19,16.28,16.36,0
11/18/2021,17.59,18.15,16.38,16.81,0
11/19/2021,17.91,19.01,17.23,17.36,0
11/22/2021,19.17,19.59,17.35,18.2,0
11/23/2021,19.38,20.91,19.03,20.24,0
11/24/2021,18.58,20.96,18.52,19.17,0
11/26/2021,28.62,28.99,23.88,26.62,0
11/29/2021,22.96,25.69,21.71,25.31,0
11/30/2021,27.19,28.56,23.71,26.23,0
12/1/2021,31.12,32.61,22.38,24.92,0
12/2/2021,27.95,30.68,27.15,29.44,0
12/3/2021,30.67,35.32,25.89,26.95,0
12/6/2021,27.18,30.82,26.75,28.99,0
12/7/2021,21.89,24.69,21.58,24.58,0
12/8/2021,19.9,23.11,19.85,21.74,0
12/9/2021,21.58,22.12,19.94,20.31,0
12/10/2021,18.69,21.3,18.69,21.27,0
12/13/2021,20.31,21.18,18.96,19.29,0
12/14/2021,21.89,23,19.67,19.67,0
12/15/2021,19.29,23.47,19.02,21.6,0
12/16/2021,20.57,22.13,18.19,18.56,0
12/17/2021,21.57,23.26,20.49,20.7,0
12/20/2021,22.87,27.39,22.85,25.89,0
12/21/2021,21.01,22.68,20.9,22.28,0
12/22/2021,18.63,21.36,18.59,21.04,0
12/23/2021,17.96,18.93,17.62,18.81,0
12/27/2021,17.68,19.41,17.55,19.37,0
12/28/2021,17.54,18.47,17.51,17.78,0
12/29/2021,16.95,18,16.71,17.63,0
12/30/2021,17.33,17.79,16.62,17.3,0
12/31/2021,17.22,18.27,16.99,17.63,0
1/3/2022,16.6,18.54,16.56,17.6,0
1/4/2022,16.91,17.81,16.34,16.57,0
1/5/2022,19.73,20.17,16.58,17.07,0
1/6/2022,19.61,21.06,19.08,20.29,0
1/7/2022,18.76,20.8,18.57,19.85,0
1/10/2022,19.4,23.33,19.29,19.58,0
1/11/2022,18.41,21,18.2,19.62,0
1/12/2022,17.62,18.69,17.36,18.17,0
1/13/2022,20.31,20.61,17.45,18.06,0
1/14/2022,19.19,22.07,19.05,20.11,0
1/18/2022,22.79,23.2,21.18,21.18,0
1/19/2022,23.85,23.99,21.85,23.12,0
1/20/2022,25.59,25.89,21.68,23.46,0
1/21/2022,28.85,29.79,25.31,25.38,0
1/24/2022,29.9,38.94,28.02,28.2,0
1/25/2022,31.16,35.85,29.13,32.29,0
1/26/2022,31.96,33.04,26.9,29.35,0
1/27/2022,30.49,33,28.42,32.19,0
1/28/2022,27.66,32.82,27.28,30.27,0
1/31/2022,24.83,29.41,24.71,28.36,0
2/1/2022,21.96,25.33,21.96,24.57,0
2/2/2022,22.09,22.73,20.46,21.56,0
2/3/2022,24.35,25.81,22.3,22.63,0
2/4/2022,23.22,26.26,22.07,23.77,0
2/7/2022,22.86,24.82,22.02,24.09,0
2/8/2022,21.44,23.48,21.32,23.09,0
2/9/2022,19.96,21.3,19.93,21.27,0
2/10/2022,23.91,24.77,20.18,20.37,0
2/11/2022,27.36,30.99,23.33,24.39,0
2/14/2022,28.33,32.04,28.33,29.17,0
2/15/2022,25.7,28.09,25.33,28.09,0
2/16/2022,24.29,27.09,23.88,25.19,0
2/17/2022,28.11,28.37,24.76,24.83,0
2/18/2022,27.75,29.71,26.38,26.66,0
2/22/2022,28.81,32.04,28.4,31.8,0
2/23/2022,31.02,31.07,27.2,28.04,0
2/24/2022,30.32,37.79,29.45,37.5,0
2/25/2022,27.59,32,26.93,31.68,0
2/28/2022,30.15,33.51,28.43,32.44,0
3/1/2022,33.32,35.19,29.44,29.45,0
3/2/2022,30.74,34.41,30.12,34.2,0
3/3/2022,30.48,32.01,29.31,30.52,0
3/4/2022,31.98,34.65,31.47,31.9,0
3/7/2022,36.45,36.55,32.59,35.88,0
3/8/2022,35.13,37.52,32.78,36.19,0
3/9/2022,32.45,34.12,31.39,33.74,0
3/10/2022,30.23,34.03,30.23,33.03,0
3/11/2022,30.75,31.04,28.84,30.43,0
3/14/2022,31.77,33.18,30.06,31.03,0
3/15/2022,29.83,33.83,29.57,33.13,0
3/16/2022,26.67,29.8,26.29,29.02,0
3/17/2022,25.67,27.47,25.25,26.51,0
3/18/2022,23.87,26.82,23.85,26.36,0
3/21/2022,23.53,25.36,22.99,25.14,0
3/22/2022,22.94,24.02,22.7,24.02,0
3/23/2022,23.57,24.03,22.64,23.04,0
3/24/2022,21.67,23.79,21.49,23.61,0
3/25/2022,20.81,22.86,20.8,21.87,0
3/28/2022,19.63,23.33,19.54,22.14,0
3/29/2022,18.9,19.73,18.67,19.7,0
3/30/2022,19.33,20.51,18.72,19.38,0
3/31/2022,20.56,21.48,19.54,19.68,0
4/1/2022,19.63,20.86,19.41,20.62,0
4/4/2022,18.57,20.78,18.45,20.75,0
4/5/2022,21.03,21.57,18.55,18.79,0
4/6/2022,22.1,24.78,21.24,21.27,0
4/7/2022,21.55,23.82,21.12,21.97,0
4/8/2022,21.16,22.34,20.28,21.25,0
4/11/2022,24.37,24.42,22.09,23.09,0
4/12/2022,24.26,25.38,22.27,24.94,0
4/13/2022,21.82,24.45,21.37,23.52,0
4/14/2022,22.7,22.7,20.85,21.72,0
4/18/2022,22.17,24.6,21.98,24.52,0
4/19/2022,21.37,22.92,20.36,22.55,0
4/20/2022,20.32,21.32,19.75,21.13,0
4/21/2022,22.68,23.28,19.81,20.24,0
4/22/2022,28.21,28.27,22.62,22.71,0
4/25/2022,27.02,31.6,26.8,30.04,0
4/26/2022,33.52,33.81,27.06,27.38,0
4/27/2022,31.6,32.77,29.82,31.11,0
4/28/2022,29.99,32,28,29.91,0
4/29/2022,33.4,34.34,28.54,28.97,0
5/2/2022,32.34,36.64,31.74,33.35,0
5/3/2022,29.25,32.82,29.06,31.76,0
5/4/2022,25.42,29.42,24.94,29.12,0
5/5/2022,31.2,33.2,25.78,25.97,0
5/6/2022,30.19,35.34,29.83,32.23,0
5/9/2022,34.75,35.48,31.9,31.9,0
5/10/2022,32.99,34.84,32.24,33.66,0
5/11/2022,32.56,34.39,30.69,32.87,0
5/12/2022,31.77,34.76,31.7,33.74,0
5/13/2022,28.87,31.2,28.78,31.09,0
5/16/2022,27.47,30.23,27.36,30.01,0
5/17/2022,26.1,27.17,25.51,27.07,0
5/18/2022,30.96,31.49,26.21,26.74,0
5/19/2022,29.35,33.11,29.06,31.24,0
5/20/2022,29.43,32.91,28.06,28.78,0
5/23/2022,28.48,30.39,28.29,28.98,0
5/24/2022,29.45,31.07,29.04,29.43,0
5/25/2022,28.37,30.23,28.16,29.33,0
5/26/2022,27.5,28.46,27.11,28.42,0
5/27/2022,25.72,27.54,25.57,27.5,0
5/31/2022,26.19,28.35,25.94,27.47,0
6/1/2022,25.69,27.73,25.38,26.05,0
6/2/2022,24.72,26.5,24.33,25.73,0
6/3/2022,24.79,25.96,24.76,24.91,0
6/6/2022,25.07,25.81,24.82,25.37,0
6/7/2022,24.02,26.24,23.88,25.54,0
6/8/2022,23.96,24.78,23.74,24.37,0
6/9/2022,26.09,26.24,23.82,24.29,0
6/10/2022,27.75,29.63,26.05,26.26,0
6/13/2022,34.02,35.05,31.29,31.37,0
6/14/2022,32.69,34,32.06,33.01,0
6/15/2022,29.62,32.77,27.76,32.39,0
6/16/2022,32.95,34.82,30.35,30.35,0
6/17/2022,31.13,33.31,30.47,32.84,0
6/21/2022,30.19,30.65,29.33,30.63,0
6/22/2022,28.95,31.57,28.78,31.45,0
6/23/2022,29.05,29.77,28.74,29.29,0
6/24/2022,27.23,29.72,26.83,29.07,0
6/27/2022,26.95,28.66,26.93,28.3,0
6/28/2022,28.36,28.68,26.47,26.9,0
6/29/2022,28.16,29.36,27.85,28.8,0
6/30/2022,28.71,30.22,28.28,29.42,0
7/1/2022,26.7,29.59,26.69,29.53,0
7/5/2022,27.54,29.82,27.3,27.37,0
7/6/2022,26.73,28.07,26.43,27.84,0
7/7/2022,26.08,26.79,25.66,26.73,0
7/8/2022,24.64,26.61,24.43,26.41,0
7/11/2022,26.17,26.74,25.79,26.42,0
7/12/2022,27.29,27.75,25.82,27.14,0
7/13/2022,26.82,29.06,26.23,27.35,0
7/14/2022,26.4,28.45,26.2,27.47,0
7/15/2022,24.23,26.72,24.13,26.72,0
7/18/2022,25.3,25.91,24.38,24.83,0
7/19/2022,24.5,25.41,24.23,25.12,0
7/20/2022,23.88,24.73,23.4,24.23,0
7/21/2022,23.11,24.67,22.92,24.07,0
7/22/2022,23.03,23.81,22.41,23.3,0
7/25/2022,23.36,24.57,23.19,24.33,0
7/26/2022,24.69,25.31,23.82,23.95,0
7/27/2022,23.24,24.41,23.02,24.27,0
7/28/2022,22.33,23.54,22.22,23.33,0
7/29/2022,21.33,22.16,21.21,22.13,0
8/1/2022,22.84,23.27,22.26,22.41,0
8/2/2022,23.93,24.68,22.67,24.08,0
8/3/2022,21.95,23.92,21.68,23.86,0
8/4/2022,21.44,22.66,21.44,22.06,0
8/5/2022,21.15,22.58,20.76,21.5,0
8/8/2022,21.29,22.01,20.83,21.74,0
8/9/2022,21.77,22.23,21.41,21.41,0
8/10/2022,19.74,22.34,19.54,22.28,0
8/11/2022,20.2,20.85,19.71,19.84,0
8/12/2022,19.53,20.35,19.12,20.34,0
8/15/2022,19.95,21.16,19.81,20.74,0
8/16/2022,19.69,20.39,19.5,20.23,0
8/17/2022,19.9,20.63,19.41,19.74,0
8/18/2022,19.56,20.61,19.43,20.51,0
8/19/2022,20.6,21.27,20.08,20.16,0
8/22/2022,23.8,24.62,22.39,22.41,0
8/23/2022,24.11,24.21,23.07,24.13,0
8/24/2022,22.82,24.86,22.73,24.37,0
8/25/2022,21.78,23.13,21.77,22.41,0
8/26/2022,25.56,25.9,21.67,22.07,0
8/29/2022,26.21,27.67,25.47,26.86,0
8/30/2022,26.21,27.69,25.13,25.75,0
8/31/2022,25.87,26.62,25.31,25.86,0
9/1/2022,25.56,27.45,25.25,26.88,0
9/2/2022,25.47,26.28,23.19,25.51,0
9/6/2022,26.91,27.8,25.33,25.46,0
9/7/2022,24.64,27.15,24.54,26.93,0
9/8/2022,23.61,25.9,23.56,24.7,0
9/9/2022,22.79,23.57,22.64,23.49,0
9/12/2022,23.87,24.23,23.16,23.58,0
9/13/2022,27.27,28.15,23.53,23.67,0
9/14/2022,26.16,27.56,26.16,26.73,0
9/15/2022,26.27,26.93,25.42,26.1,0
9/16/2022,26.3,28.45,26.14,27.47,0
9/19/2022,25.76,27.95,25.56,27.69,0
9/20/2022,27.16,27.81,25.61,25.65,0
9/21/2022,27.99,30.18,25.55,28.03,0
9/22/2022,27.35,28.38,26.71,28.16,0
9/23/2022,29.92,32.31,27.58,27.68,0
9/26/2022,32.26,32.88,29.83,31.74,0
9/27/2022,32.6,34.14,30.3,31.2,0
9/28/2022,30.18,34.88,30.03,34.5,0
9/29/2022,31.84,33.46,31.16,31.67,0
9/30/2022,31.62,33.25,29.39,31.61,0
10/3/2022,30.1,33.06,29.63,33,0
10/4/2022,29.07,29.62,28.56,29.52,0
10/5/2022,28.55,30.11,28.5,29.36,0
10/6/2022,30.52,30.74,28.56,28.6,0
10/7/2022,31.36,32.02,29.88,30.37,0
10/10/2022,32.45,33.99,32.05,32.93,0
10/11/2022,33.63,34.43,32.45,33.56,0
10/12/2022,33.57,34.53,33.11,33.54,0
10/13/2022,31.94,33.87,31.63,33.6,0
10/14/2022,32.02,32.98,31.14,31.89,0
10/17/2022,31.37,32.59,30.7,32.27,0
10/18/2022,30.5,31.93,30.42,31.1,0
10/19/2022,30.76,31.9,30.76,30.94,0
10/20/2022,29.98,31.32,29.76,31.3,0
10/21/2022,29.69,30.44,29.24,30.21,0
10/24/2022,29.85,30.95,29.78,30.65,0
10/25/2022,28.46,30,28.22,29.8,0
10/26/2022,27.28,28.52,27.27,28.44,0
10/27/2022,27.39,27.67,26.94,27.51,0
10/28/2022,25.75,27.59,25.75,27.43,0
10/31/2022,25.88,27.07,25.84,26.91,0
11/1/2022,25.81,26.35,25.66,25.96,0
11/2/2022,25.86,26.62,25.39,26.04,0
11/3/2022,25.3,26.87,25.1,25.98,0
11/4/2022,24.55,25.71,24,25.63,0
11/7/2022,24.35,25.67,24.34,25.67,0
11/8/2022,25.54,26.16,24.24,24.71,0
11/9/2022,26.09,26.35,25.02,25.34,0
11/10/2022,23.53,26.59,22.84,26.51,0
11/11/2022,22.52,23.91,22.37,23.89,0
11/14/2022,23.73,24.33,22.86,23.99,0
11/15/2022,24.54,26.22,23.18,23.77,0
11/16/2022,24.11,24.72,23.99,24.29,0
11/17/2022,23.93,25.18,23.81,24.05,0
11/18/2022,23.12,24.12,22.98,24.03,0
11/21/2022,22.36,24.12,22.3,24.05,0
11/22/2022,21.29,22.71,21.28,22.59,0
11/23/2022,20.35,21.78,20.32,21.49,0
11/25/2022,20.5,21.11,20.46,20.61,0
11/28/2022,22.21,22.5,21.65,22.09,0
11/29/2022,21.89,22.57,21.83,22.09,0
11/30/2022,20.58,22.63,20.31,21.7,0
12/1/2022,19.84,21.06,19.8,20.83,0
12/2/2022,19.06,20.96,18.95,20.42,0
12/5/2022,20.75,21.29,19.78,20.3,0
12/6/2022,22.17,22.6,20.38,20.69,0
12/7/2022,22.68,23.01,22.18,22.32,0
12/8/2022,22.29,23.28,22.06,22.81,0
12/9/2022,22.83,23.21,22.18,22.55,0
12/12/2022,25,25.05,24.18,24.4,0
12/13/2022,22.55,25.84,21.46,25.24,0
12/14/2022,21.14,23.47,21.07,22.83,0
12/15/2022,22.83,23.67,21.25,21.52,0
12/16/2022,22.62,23.83,22.09,23.26,0
12/19/2022,22.42,22.86,21.61,22.63,0
12/20/2022,21.48,23.39,21.35,23.17,0
12/21/2022,20.07,21.29,19.94,21.25,0
12/22/2022,21.97,24.3,20.01,20.08,0
12/23/2022,20.87,22.64,20.78,22.17,0
12/27/2022,21.65,22.8,21.59,21.67,0
12/28/2022,22.14,22.26,20.96,21.47,0
12/29/2022,21.44,22.31,21.36,22.25,0
12/30/2022,21.67,22.4,21.59,21.83,0
1/3/2023,22.9,23.76,22.73,23.09,0
1/4/2023,22.01,23.27,21.94,22.93,0
1/5/2023,22.46,22.92,21.97,22.2,0
1/6/2023,21.13,22.9,21,22.69,0
1/9/2023,21.97,21.98,21.27,21.75,0
1/10/2023,20.58,22.46,20.58,22.22,0
1/11/2023,21.09,21.25,20.62,20.8,0
1/12/2023,18.83,21.8,18.83,21.56,0
1/13/2023,18.35,19.41,18.01,19,0
1/17/2023,19.36,20.22,19.21,19.89,0
1/18/2023,20.34,20.58,18.71,19.28,0
1/19/2023,20.52,21.71,20.17,20.43,0
1/20/2023,19.85,20.7,19.41,20.28,0
1/23/2023,19.81,20.33,19.55,20.21,0
1/24/2023,19.2,20.47,18.91,19.89,0
1/25/2023,19.08,20.9,18.99,19.56,0
1/26/2023,18.73,19.48,18.67,19.05,0
1/27/2023,18.51,19,17.97,18.9,0
1/30/2023,19.94,20.25,19.54,19.76,0
1/31/2023,19.4,20.7,19.13,20.12,0
2/1/2023,17.87,20.04,17.7,19.62,0
2/2/2023,18.73,19.25,17.06,17.74,0
2/3/2023,18.33,19.3,17.93,18.57,0
2/6/2023,19.43,19.81,19.21,19.23,0
2/7/2023,18.66,19.99,18.43,19.54,0
2/8/2023,19.63,20.12,18.55,18.88,0
2/9/2023,20.71,21.08,19.02,19.24,0
2/10/2023,20.53,21.94,20.44,20.74,0
2/13/2023,20.34,21.69,20.33,21.66,0
2/14/2023,18.91,20.75,18.48,20.72,0
2/15/2023,18.23,19.41,18.11,19.37,0
2/16/2023,20.17,20.27,18.23,18.26,0
2/17/2023,20.02,21.3,19.82,20.94,0
2/21/2023,22.87,23.34,21.8,21.8,0
2/22/2023,22.29,23.63,22.02,23.03,0
2/23/2023,21.14,22.43,20.89,21.96,0
2/24/2023,21.67,22.9,21.32,21.35,0
2/27/2023,20.95,22.02,20.68,21.99,0
2/28/2023,20.7,21.37,20.1,21.3,0
3/1/2023,20.58,21.32,20.22,20.39,0
3/2/2023,19.59,21.42,19.55,21.41,0
3/3/2023,18.49,19.76,18.16,19.76,0
3/6/2023,18.61,19.19,18.49,19.05,0
3/7/2023,19.59,19.74,18.51,18.64,0
3/8/2023,19.11,20.01,19,19.71,0
3/9/2023,22.61,23.14,18.88,19.33,0
3/10/2023,24.8,28.97,21.79,23.34,0
3/13/2023,26.52,30.81,23.85,24.05,0
3/14/2023,23.73,27.24,22.27,26.85,0
3/15/2023,26.14,29.91,23.19,23.21,0
3/16/2023,22.99,27.49,22.97,26.19,0
3/17/2023,25.51,26.14,22.58,22.92,0
3/20/2023,24.15,28.91,24,27.77,0
3/21/2023,21.38,24.16,21.29,24.16,0
3/22/2023,22.26,22.38,19.94,21.8,0
3/23/2023,22.61,24.91,20.16,21.54,0
3/24/2023,21.74,25.21,21.6,22.11,0
3/27/2023,20.6,22.93,20.57,22.05,0
3/28/2023,19.97,21.4,19.91,20.53,0
3/29/2023,19.12,19.45,19.09,19.39,0
3/30/2023,19.02,20.08,18.85,19.12,0
3/31/2023,18.7,19.43,18.52,19.21,0
4/3/2023,18.55,19.83,18.54,19.79,0
4/4/2023,19,20.03,18.58,18.79,0
4/5/2023,19.08,20.08,19,19.42,0
4/6/2023,18.4,19.88,18.35,19.3,0
4/10/2023,18.97,20.05,18.93,19.39,0
4/11/2023,19.1,19.28,18.56,19.08,0
4/12/2023,19.09,19.98,18.25,19.38,0
4/13/2023,17.8,19.06,17.77,18.83,0
4/14/2023,17.07,18.12,17.07,17.94,0
4/17/2023,16.95,17.79,16.9,17.58,0
4/18/2023,16.83,17.34,16.58,16.94,0
4/19/2023,16.46,17.72,16.17,17.3,0
4/20/2023,17.17,17.69,16.33,16.85,0
4/21/2023,16.77,17.71,16.58,17.51,0
4/24/2023,16.89,18.24,16.74,18.22,0
4/25/2023,18.76,19.86,17.33,17.62,0
4/26/2023,18.84,19.61,17.87,18.66,0
4/27/2023,17.03,18.43,16.72,18.43,0
4/28/2023,15.78,17.65,15.72,17.21,0
5/1/2023,16.08,16.62,15.53,16.41,0
5/2/2023,17.78,19.81,16.26,16.27,0
5/3/2023,18.34,18.83,17.19,17.82,0
5/4/2023,20.09,21.33,18.67,19.17,0
5/5/2023,17.19,19.63,16.69,19.5,0
5/8/2023,16.98,17.88,16.83,17.73,0
5/9/2023,17.71,17.86,17.22,17.29,0
5/10/2023,16.94,18.31,16.36,17.58,0
5/11/2023,16.93,18.19,16.63,16.8,0
5/12/2023,17.03,17.92,16.38,16.83,0
5/15/2023,17.12,18.16,17.08,17.44,0
5/16/2023,17.99,18.3,17.26,17.54,0
5/17/2023,16.87,18.26,16.68,17.96,0
5/18/2023,16.05,17.15,16.05,16.92,0
5/19/2023,16.81,17.36,15.85,16.13,0
5/22/2023,17.21,18.13,16.82,17.45,0
5/23/2023,18.53,19.31,17.3,17.35,0
5/24/2023,20.03,20.81,18.8,18.8,0
5/25/2023,19.14,19.95,18.7,19.54,0
5/26/2023,17.95,19.56,17.27,19.07,0
5/30/2023,17.46,18.34,16.98,17.56,0
5/31/2023,17.94,18.4,17.12,18.04,0
6/1/2023,15.65,17.59,15.58,17.24,0
6/2/2023,14.6,15.65,14.42,15.65,0
6/5/2023,14.73,15.29,14.66,15.28,0
6/6/2023,13.96,14.97,13.95,14.91,0
6/7/2023,13.94,14.29,13.77,14.14,0
6/8/2023,13.65,14.21,13.53,14.14,0
6/9/2023,13.83,14.14,13.5,13.78,0
6/12/2023,15.01,15.02,14.32,14.44,0
6/13/2023,14.61,15.06,14.47,14.99,0
6/14/2023,13.88,14.73,13.83,14.48,0
6/15/2023,14.5,14.52,13.79,14.09,0
6/16/2023,13.54,14.54,13.48,14.49,0
6/20/2023,13.88,14.67,13.86,14.36,0
6/21/2023,13.2,13.89,13.1,13.88,0
6/22/2023,12.91,13.98,12.73,13.88,0
6/23/2023,13.44,13.8,12.88,13.24,0
6/26/2023,14.25,14.71,13.78,14.43,0
6/27/2023,13.74,14.34,13.59,14.11,0
6/28/2023,13.43,13.96,13.36,13.9,0
6/29/2023,13.54,13.85,13.41,13.64,0
6/30/2023,13.59,13.59,12.96,13.51,0
7/3/2023,13.57,13.85,13.47,13.85,0
7/5/2023,14.18,14.74,14.05,14.19,0
7/6/2023,15.44,17.08,14.79,14.85,0
7/7/2023,14.83,16.06,14.33,15.97,0
7/10/2023,15.07,16.21,15.04,16.08,0
7/11/2023,14.84,15.25,14.63,15.02,0
7/12/2023,13.54,14.82,13.51,14.82,0
7/13/2023,13.61,13.61,13.12,13.44,0
7/14/2023,13.34,13.76,13.22,13.72,0
7/17/2023,13.48,14,13.43,13.78,0
7/18/2023,13.3,13.67,13.29,13.61,0
7/19/2023,13.76,13.84,13.12,13.32,0
7/20/2023,13.99,14.23,13.58,13.96,0
7/21/2023,13.6,13.89,13.37,13.87,0
7/24/2023,13.91,14.3,13.73,14.29,0
7/25/2023,13.86,14.09,13.82,14.02,0
7/26/2023,13.19,14.16,13.15,13.86,0
7/27/2023,14.41,15.02,12.74,13.14,0
7/28/2023,13.33,14.18,13.27,14.03,0
7/31/2023,13.63,14.09,13.57,13.98,0
8/1/2023,13.93,14.3,13.75,13.75,0
8/2/2023,16.09,16.48,14.95,15.7,0
8/3/2023,15.92,17.42,15.72,16.77,0
8/4/2023,17.1,17.39,14.57,16.01,0
8/7/2023,15.77,17.36,15.77,16.9,0
8/8/2023,15.99,18.14,15.96,16.28,0
8/9/2023,15.96,16.87,15.38,15.81,0
8/10/2023,15.85,16.86,14.6,15.58,0
8/11/2023,14.84,16.51,14.84,15.53,0
8/14/2023,14.82,16.06,14.77,15.88,0
8/15/2023,16.46,16.57,14.91,14.95,0
8/16/2023,16.78,16.93,15.8,16.54,0
8/17/2023,17.89,18.13,16.4,16.96,0
8/18/2023,17.3,18.88,17.14,17.8,0
8/21/2023,17.13,18.11,16.88,18.03,0
8/22/2023,16.97,17.58,16.61,16.96,0
8/23/2023,15.98,17.1,15.91,16.64,0
8/24/2023,17.2,17.32,15.48,15.57,0
8/25/2023,15.68,17.36,15.45,17.21,0
8/28/2023,15.08,16.28,15,16.24,0
8/29/2023,14.45,15.3,14.34,15.08,0
8/30/2023,13.88,14.7,13.83,14.53,0
8/31/2023,13.57,14,13.44,13.98,0
9/1/2023,13.09,13.56,13.02,13.56,0
9/5/2023,14.01,14.47,13.7,14.15,0
9/6/2023,14.45,15.3,14.13,14.27,0
9/7/2023,14.4,15.69,14.4,14.81,0
9/8/2023,13.84,14.87,13.58,14.22,0
9/11/2023,13.8,14.33,13.74,14.17,0
9/12/2023,14.23,14.42,13.71,14.02,0
9/13/2023,13.48,14.68,13.41,14.42,0
9/14/2023,12.82,13.46,12.79,13.39,0
9/15/2023,13.79,14.17,12.68,12.7,0
9/18/2023,14,14.75,13.86,14.4,0
9/19/2023,14.11,14.88,13.86,14.11,0
9/20/2023,15.14,15.15,13.57,14.18,0
9/21/2023,17.54,17.54,15.1,15.49,0
9/22/2023,17.2,17.41,15.93,17.31,0
9/25/2023,16.9,18.41,16.79,17.25,0
9/26/2023,18.94,19.5,17.17,18.03,0
9/27/2023,18.22,19.71,18.03,18.29,0
9/28/2023,17.34,18.77,17.06,18.22,0
9/29/2023,17.52,17.74,15.83,16.87,0
10/2/2023,17.61,18.55,16.93,17.31,0
10/3/2023,19.78,20.48,17.52,17.81,0
10/4/2023,18.58,20.88,18.3,20.72,0
10/5/2023,18.49,19.58,18.26,18.67,0
10/6/2023,17.45,19.93,17.19,18.73,0
10/9/2023,17.7,19.6,17.56,19.54,0
10/10/2023,17.03,17.86,16.51,17.7,0
10/11/2023,16.09,17.78,16.09,16.95,0
10/12/2023,16.69,18.08,15.44,16.08,0
10/13/2023,19.32,20.78,16.5,16.53,0
10/16/2023,17.21,19.57,17.14,19.1,0
10/17/2023,17.88,18.54,16.97,17.41,0
10/18/2023,19.22,20.15,17.88,18.36,0
10/19/2023,21.4,21.4,18.55,19.73,0
10/20/2023,21.71,21.83,20.42,21.59,0
10/23/2023,20.37,23.08,19.48,21.83,0
10/24/2023,18.97,20.24,18.65,20.03,0
10/25/2023,20.19,21.24,18.86,19.39,0
10/26/2023,20.68,21.96,20.22,21.78,0
10/27/2023,21.27,22.07,19.72,20.39,0
10/30/2023,19.75,21.16,19.55,21.13,0
10/31/2023,18.14,19.86,17.97,19.86,0
11/1/2023,16.87,18.42,16.63,18.02,0
11/2/2023,15.66,16.62,15.58,16.59,0
11/3/2023,14.91,15.83,14.91,15.7,0
11/6/2023,14.89,15.58,14.84,15.39,0
11/7/2023,14.81,15.17,14.71,15.1,0
11/8/2023,14.45,15.09,14.3,14.91,0
11/9/2023,15.29,15.57,14.13,14.61,0
11/10/2023,14.17,15.45,14.16,15.09,0
11/13/2023,14.76,15.19,14.58,15.16,0
11/14/2023,14.16,14.86,13.91,14.83,0
11/15/2023,14.18,14.35,13.97,14.21,0
11/16/2023,14.32,14.42,13.68,14.12,0
11/17/2023,13.8,14.19,13.67,14.18,0
11/20/2023,13.41,14.31,13.39,14.26,0
11/21/2023,13.35,14.31,13.13,13.45,0
11/22/2023,12.85,13.25,12.82,13.08,0
11/24/2023,12.46,13.17,12.45,13.03,0
11/27/2023,12.69,13.28,12.64,13.14,0
11/28/2023,12.69,14.3,12.56,12.78,0
11/29/2023,12.98,13.1,12.48,12.71,0
11/30/2023,12.92,13.39,12.82,13.07,0
12/1/2023,12.63,12.96,12.48,12.94,0
12/4/2023,13.08,13.7,12.98,13.28,0
12/5/2023,12.85,13.76,12.81,13.26,0
12/6/2023,12.97,13.03,12.64,12.78,0
12/7/2023,13.06,13.28,12.95,13.17,0
12/8/2023,12.35,13.24,12.35,13.14,0
12/11/2023,12.63,13.14,12.61,13.05,0
12/12/2023,12.07,12.74,11.81,12.69,0
12/13/2023,12.19,12.46,11.82,12.2,0
12/14/2023,12.48,12.74,11.84,11.96,0
12/15/2023,12.28,12.54,12.01,12.12,0
12/18/2023,12.56,12.64,12.4,12.62,0
12/19/2023,12.53,12.6,12.33,12.6,0
12/20/2023,13.67,13.93,12.29,12.63,0
12/21/2023,13.65,14.49,13.34,13.4,0
12/22/2023,13.03,13.96,13,13.72,0
12/26/2023,12.99,13.8,12.96,13.77,0
12/27/2023,12.43,13.04,12.37,13.02,0
12/28/2023,12.47,12.65,12.38,12.44,0
12/29/2023,12.45,13.19,12.36,12.55,0
1/2/2024,13.2,14.23,13.1,13.22,0
1/3/2024,14.04,14.22,13.33,13.35,0
1/4/2024,14.13,14.2,13.64,13.93,0
1/5/2024,13.35,14.58,13.29,14.24,0
1/8/2024,13.08,14.18,13.02,14,0
1/9/2024,12.76,13.45,12.74,13.2,0
1/10/2024,12.69,12.95,12.67,12.86,0
1/11/2024,12.44,13.31,12.35,12.64,0
1/12/2024,12.7,13.08,12.47,12.66,0
1/16/2024,13.84,14.35,13.52,14.12,0
1/17/2024,14.79,15.4,14.38,14.59,0
1/18/2024,14.13,14.89,13.89,14.85,0
1/19/2024,13.3,14.58,13.28,13.8,0
1/22/2024,13.19,13.84,13.17,13.77,0
1/23/2024,12.55,13.29,12.53,13.2,0
1/24/2024,13.14,13.18,12.41,12.66,0
1/25/2024,13.45,13.58,13.06,13.18,0
1/26/2024,13.26,14.1,13.2,13.73,0
1/29/2024,13.6,15.35,13.59,13.98,0
1/30/2024,13.31,13.74,13.23,13.69,0
1/31/2024,14.35,14.61,13.18,13.42,0
2/1/2024,13.88,14.63,13.87,14.21,0
2/2/2024,13.85,14.23,13.39,13.95,0
2/5/2024,13.67,14.53,13.58,14.37,0
2/6/2024,13.06,13.78,12.98,13.57,0
2/7/2024,12.83,13.13,12.81,13.06,0
2/8/2024,12.79,13.17,12.74,12.95,0
2/9/2024,12.93,13.01,12.69,12.79,0
2/12/2024,13.93,13.94,13.34,13.48,0
2/13/2024,15.85,17.94,13.43,13.96,0
2/14/2024,14.38,15.47,14.22,15.38,0
2/15/2024,14.01,14.64,13.94,14.27,0
2/16/2024,14.24,14.71,13.75,13.94,0
2/20/2024,15.42,15.91,15.07,15.09,0
2/21/2024,15.34,16.12,15.22,15.54,0
2/22/2024,14.54,14.64,14.12,14.28,0
2/23/2024,13.75,14.31,13.64,14.31,0
2/26/2024,13.74,14.2,13.66,14.17,0
2/27/2024,13.43,13.75,13.41,13.63,0
2/28/2024,13.84,13.9,13.44,13.52,0
2/29/2024,13.4,14.15,13.3,14.14,0
3/1/2024,13.11,13.66,13.08,13.34,0
3/4/2024,13.49,13.58,13.32,13.49,0
3/5/2024,14.46,15.1,13.75,13.75,0
3/6/2024,14.5,14.93,13.89,14.27,0
3/7/2024,14.44,14.98,14.25,14.98,0
3/8/2024,14.74,15.53,13.97,14.22,0
3/11/2024,15.22,16.04,15.13,15.51,0
3/12/2024,13.84,15.2,13.81,14.97,0
3/13/2024,13.75,14.04,13.67,13.89,0
3/14/2024,14.4,15.33,13.42,13.62,0
3/15/2024,14.41,15.53,14.14,14.33,0
3/18/2024,14.33,14.85,14.26,14.75,0
3/19/2024,13.82,14.86,13.8,14.5,0
3/20/2024,13.04,14.17,13.01,13.83,0
3/21/2024,12.92,13.08,12.4,12.98,0
3/22/2024,13.06,13.15,12.58,12.92,0
3/25/2024,13.19,13.67,13.11,13.67,0
3/26/2024,13.24,13.43,12.84,13.12,0
3/27/2024,12.78,13.34,12.66,13.13,0
3/28/2024,13.01,13.1,12.84,12.93,0
4/1/2024,13.65,14.15,13.55,13.61,0
4/2/2024,14.61,15.43,13.68,13.74,0
4/3/2024,14.33,15.18,14.25,15,0
4/4/2024,16.35,16.92,13.74,14.29,0
4/5/2024,16.03,16.75,15.53,16.45,0
4/8/2024,15.19,16.5,15.11,16.24,0
4/9/2024,14.98,16.63,14.94,15.34,0
4/10/2024,15.8,16.62,14.59,15.24,0
4/11/2024,14.91,17.61,14.91,16.02,0
4/12/2024,17.31,19.2,14.91,14.91,0
4/15/2024,19.23,19.46,16.26,16.94,0
4/16/2024,18.4,19.56,17.64,19.49,0
4/17/2024,18.21,19.11,17.54,18.24,0
4/18/2024,18,18.37,17.21,17.91,0
4/19/2024,18.71,21.36,18.17,21.33,0
4/22/2024,16.94,18.72,16.69,18.59,0
4/23/2024,15.69,16.76,15.69,16.72,0
4/24/2024,15.97,16.38,15.58,15.76,0
4/25/2024,15.37,17.55,15.27,16.25,0
4/26/2024,15.03,16.06,14.92,15.49,0
4/29/2024,14.67,15.42,14.63,15.37,0
4/30/2024,15.65,15.9,14.67,14.82,0
5/1/2024,15.39,16.22,14.35,15.75,0
5/2/2024,14.68,16.09,14.6,15.14,0
5/3/2024,13.49,14.58,13.48,14.51,0
5/6/2024,13.49,14.02,13.44,13.98,0
5/7/2024,13.23,13.64,13.16,13.52,0
5/8/2024,13,13.51,12.94,13.24,0
5/9/2024,12.69,13.29,12.68,13.08,0
5/10/2024,12.55,12.96,12.5,12.77,0
5/13/2024,13.6,13.66,13.25,13.26,0
5/14/2024,13.42,14.03,13.27,13.71,0
5/15/2024,12.45,13.94,12.38,13.73,0
5/16/2024,12.42,12.67,12.33,12.52,0
5/17/2024,11.99,12.48,11.91,12.28,0
5/20/2024,12.15,12.59,12.07,12.27,0
5/21/2024,11.86,12.56,11.84,12.3,0
5/22/2024,12.29,12.81,11.78,12.05,0
5/23/2024,12.77,13.37,11.52,11.53,0
5/24/2024,11.93,12.89,11.89,12.86,0
5/28/2024,12.92,13.44,12.36,12.51,0
5/29/2024,14.28,14.32,13.69,13.75,0
5/30/2024,14.47,14.88,13.67,14.82,0
5/31/2024,12.92,14.87,12.84,14.5,0
6/3/2024,13.11,14.31,13,13.08,0
6/4/2024,13.16,14.08,13.11,13.51,0
6/5/2024,12.63,13.25,12.6,13.14,0
6/6/2024,12.58,12.98,12.54,12.75,0
6/7/2024,12.22,13.08,12.11,12.69,0
6/10/2024,12.74,13.28,12.62,13.09,0
6/11/2024,12.85,13.47,12.78,12.85,0
6/12/2024,12.04,13.15,11.94,13.1,0
6/13/2024,11.94,12.68,11.88,12.05,0
6/14/2024,12.66,13.45,12.12,12.22,0
6/17/2024,12.75,13.29,12.5,13.07,0
6/18/2024,12.3,12.74,12.24,12.7,0
6/20/2024,13.28,13.55,12.18,12.5,0
6/21/2024,13.2,13.78,12.99,13.22,0
6/24/2024,13.33,13.88,13.15,13.85,0
6/25/2024,12.84,13.52,12.84,13.48,0
6/26/2024,12.55,13.24,12.37,12.81,0
6/27/2024,12.24,12.77,12.21,12.69,0
6/28/2024,12.44,12.76,11.87,12.24,0
7/1/2024,12.22,13.26,12.1,12.98,0
7/2/2024,12.03,12.88,11.85,12.67,0
7/3/2024,12.09,12.23,11.95,12.13,0
7/5/2024,12.48,12.61,11.84,12.37,0
7/8/2024,12.37,12.91,12.31,12.91,0
7/9/2024,12.51,12.61,12.35,12.48,0
7/10/2024,12.85,12.92,12.39,12.51,0
7/11/2024,12.92,13.33,12.23,12.88,0
7/12/2024,12.46,12.89,12.11,12.87,0
7/15/2024,13.12,13.26,12.75,12.78,0
7/16/2024,13.19,13.47,12.95,13.38,0
7/17/2024,14.48,14.88,13.54,13.6,0
7/18/2024,15.93,16.43,14.08,14.27,0
7/19/2024,16.52,17.19,10.62,16.44,0
7/22/2024,14.91,16.89,14.75,16.79,0
7/23/2024,14.72,15.35,13.9,15.21,0
7/24/2024,18.04,18.46,15.18,15.35,0
7/25/2024,18.46,19.36,16.42,18.41,0
7/26/2024,16.39,18.05,16.37,17.97,0
7/29/2024,16.6,17.21,16.23,16.59,0
7/30/2024,17.69,18.32,16.26,16.64,0
7/31/2024,16.36,16.77,15.71,16.66,0
8/1/2024,18.59,19.48,15.95,16.2,0
8/2/2024,23.39,29.66,20.01,20.52,0
8/5/2024,38.57,65.73,23.39,23.39,0
8/6/2024,27.71,34.77,24.02,33.71,0
8/7/2024,27.85,29.76,21.97,24.77,0
8/8/2024,23.79,29.47,23.36,28.34,0
8/9/2024,20.37,24.52,20.26,23.78,0
8/12/2024,20.71,21.19,18.89,20.79,0
8/13/2024,18.12,20.79,17.95,20.06,0
8/14/2024,16.19,18.49,16.12,18.41,0
8/15/2024,15.23,16.68,14.77,16.27,0
8/16/2024,14.8,15.76,14.65,15.29,0
8/19/2024,14.65,16.07,14.46,15.94,0
8/20/2024,15.88,15.93,14.78,14.89,0
8/21/2024,16.27,17.17,15.92,16.25,0
8/22/2024,17.55,18.06,15.76,16.27,0
8/23/2024,15.86,17.21,15.61,17.12,0
8/26/2024,16.15,16.67,15.81,16.27,0
8/27/2024,15.43,16.81,15.37,16.21,0
8/28/2024,17.11,17.89,15.46,15.51,0
8/29/2024,15.65,16.57,15.19,16.54,0
8/30/2024,15,16.04,14.78,15.67,0
9/3/2024,20.72,21.99,15.71,15.76,0
9/4/2024,21.32,23.31,19.34,23.2,0
9/5/2024,19.9,21.53,19.21,20.75,0
9/6/2024,22.38,23.76,18.83,21.98,0
9/9/2024,19.45,21.41,19.29,21.32,0
9/10/2024,19.08,20.74,18.9,19.86,0
9/11/2024,17.69,21.41,17.55,19.41,0
9/12/2024,17.07,18.59,16.89,17.62,0
9/13/2024,16.56,17.18,16.23,17.03,0
9/16/2024,17.14,17.69,16.91,17.16,0
9/17/2024,17.61,18.08,16.67,17.16,0
9/18/2024,18.23,19.39,17.11,17.58,0
9/19/2024,16.33,17.27,16.21,17.21,0
9/20/2024,16.15,16.68,15.81,16.35,0
9/23/2024,15.89,16.95,15.75,16.71,0
9/24/2024,15.39,16.67,15.27,15.87,0
9/25/2024,15.41,15.82,15.17,15.82,0
9/26/2024,15.37,15.83,14.9,15.06,0
9/27/2024,16.96,16.97,15.2,15.64,0
9/30/2024,16.73,17.79,16.47,17.01,0
10/1/2024,19.26,20.73,16.61,16.96,0
10/2/2024,18.9,20.36,18.58,19.65,0
10/3/2024,20.49,20.75,19.16,19.63,0
10/4/2024,19.21,20.48,18.48,20.48,0
10/7/2024,22.64,23.03,20.65,20.76,0
10/8/2024,21.42,23.14,21.14,22.92,0
10/9/2024,20.86,22.01,20.71,21.98,0
10/10/2024,20.93,21.39,20.64,20.91,0
10/11/2024,20.46,21.16,20.14,20.87,0
10/14/2024,19.7,20.86,19.69,20.86,0
10/15/2024,20.64,20.89,19.44,19.61,0
10/16/2024,19.58,21.01,19.45,20.77,0
10/17/2024,19.11,19.65,18.88,19.55,0
10/18/2024,18.03,19.32,17.99,19.3,0
10/21/2024,18.37,19.34,18.36,18.78,0
10/22/2024,18.2,19.44,18.05,18.79,0
10/23/2024,19.24,20.47,18.18,18.21,0
10/24/2024,19.08,20.24,18.63,18.87,0
10/25/2024,20.33,20.51,18.23,19.22,0
10/28/2024,19.8,19.88,18.91,19.11,0
10/29/2024,19.34,20.53,19.06,19.75,0
10/30/2024,20.35,20.44,19.3,19.33,0
10/31/2024,23.16,23.42,21.12,21.44,0
11/1/2024,21.88,23.09,21.16,22.96,0
11/4/2024,21.98,23.07,21.73,22.5,0
11/5/2024,20.49,22.06,20.2,21.98,0
11/6/2024,16.27,16.82,15.44,16.06,0
11/7/2024,15.2,15.86,15.13,15.86,0
11/8/2024,14.94,15.33,14.66,15.13,0
11/11/2024,14.97,15.56,14.89,15.33,0
11/12/2024,14.71,15.37,14.69,15.09,0
11/13/2024,14.02,15.26,13.77,15.09,0
11/14/2024,14.31,14.32,13.59,14.17,0
11/15/2024,16.14,17.55,14.56,15.02,0
11/18/2024,15.58,17,15.35,16.6,0
11/19/2024,16.35,17.93,15.37,15.44,0
11/20/2024,17.16,18.79,16.04,16.19,0
11/21/2024,16.87,17.99,15.73,17.1,0
11/22/2024,15.24,17.56,15.24,16.67,0
11/25/2024,14.6,15.72,14.54,15.23,0
11/26/2024,14.1,15.03,13.88,14.95,0
11/27/2024,14.1,15.13,13.96,14.28,0
11/29/2024,13.51,14.15,13.49,14,0
12/2/2024,13.34,14.1,13.3,14.08,0
12/3/2024,13.3,13.77,13.19,13.38,0
12/4/2024,13.45,13.61,12.89,13.16,0
12/5/2024,13.54,13.7,13.26,13.46,0
12/6/2024,12.77,13.74,12.7,13.62,0
12/9/2024,14.19,14.23,13.35,13.36,0
12/10/2024,14.18,14.54,13.86,14.3,0
12/11/2024,13.58,14.43,13.52,14.42,0
12/12/2024,13.92,13.95,13.39,13.73,0
12/13/2024,13.81,14.25,13.24,13.57,0
12/16/2024,14.69,14.69,13.99,14.37,0
12/17/2024,15.87,15.94,14.78,14.98,0
12/18/2024,27.62,28.32,14.82,15.57,0
12/19/2024,24.09,24.12,20.16,21.61,0
12/20/2024,18.36,26.51,17.82,24.14,0
12/23/2024,16.78,20.02,16.74,18.09,0
12/24/2024,14.27,17.04,14.27,16.97,0
12/26/2024,14.73,15.93,14.55,14.99,0
12/27/2024,15.95,18.45,15.29,15.38,0
12/30/2024,17.4,19.22,16.44,17.21,0
12/31/2024,17.35,17.81,16.68,17.39,0
1/2/2025,17.93,19.5,16.96,17.21,0
1/3/2025,16.13,17.94,16.11,17.66,0
1/6/2025,16.04,16.87,15.71,16.77,0
1/7/2025,17.82,18.9,15.79,16.48,0
1/8/2025,17.7,19.5,17.37,17.91,0
1/10/2025,19.54,20.31,18.05,18.29,0
1/13/2025,19.19,22.04,19.15,21.18,0
1/14/2025,18.71,19.66,18.24,18.79,0
1/15/2025,16.12,19.14,15.96,19.08,0
1/16/2025,16.6,16.6,15.64,15.87,0
1/17/2025,15.97,16.23,15.53,16.19,0
1/21/2025,15.06,16.29,14.93,16.29,0
1/22/2025,15.1,15.29,14.59,14.89,0
1/23/2025,15.02,15.39,14.59,15.28,0
1/24/2025,14.85,15.16,14.58,15.02,0
1/27/2025,17.9,22.51,17.57,18.83,0
1/28/2025,16.41,18.39,16.25,18.29,0
1/29/2025,16.56,18.08,16.17,16.42,0
1/30/2025,15.84,16.42,15.32,15.93,0
1/31/2025,16.43,17.09,14.9,15.45,0
2/3/2025,18.62,20.42,17.66,20.36,0
2/4/2025,17.21,19.11,16.78,18.78,0
2/5/2025,15.77,17.75,15.77,17.54,0
2/6/2025,15.5,16.15,14.99,15.88,0
2/7/2025,16.54,16.66,14.79,15.38,0
2/10/2025,15.81,16.61,15.7,16.58,0
2/11/2025,16.02,16.42,15.75,16.13,0
2/12/2025,15.89,17.18,15.64,15.91,0
2/13/2025,15.1,16.33,14.98,15.97,0
2/14/2025,14.77,15.42,14.74,15.08,0
2/18/2025,15.35,16.03,15.35,15.57,0
2/19/2025,15.27,15.96,15.05,15.14,0
2/20/2025,15.66,16.63,15.12,15.61,0
2/21/2025,18.21,19.03,15.28,15.63,0
2/24/2025,18.98,20.24,17.31,18.08,0
2/25/2025,19.43,21.48,18.85,19.09,0
2/26/2025,19.1,20.06,17.83,18.96,0
2/27/2025,21.13,21.47,17.67,18.25,0
2/28/2025,19.63,22.4,19.05,21.21,0
3/3/2025,22.78,24.31,19.25,19.83,0
3/4/2025,23.51,26.35,21.71,22.96,0
3/5/2025,21.93,24.84,21.37,23.03,0
3/6/2025,24.87,25.92,22.39,22.6,0
3/7/2025,23.37,26.56,23.09,24.85,0
3/10/2025,27.86,29.56,24.68,24.7,0
3/11/2025,26.92,29.57,26.18,27.94,0
3/12/2025,24.23,26.91,23.89,26.88,0
3/13/2025,24.66,26.13,23.46,24.92,0
3/14/2025,21.77,24.36,21.48,24.35,0
3/17/2025,20.51,22.95,20.32,22.89,0
3/18/2025,21.7,22.57,20.41,20.83,0
3/19/2025,19.9,22.1,19.42,21.84,0
3/20/2025,19.8,21.17,19.3,19.52,0
3/21/2025,19.28,21.14,19.15,20.02,0
3/24/2025,17.48,19.14,17.46,19.13,0
3/25/2025,17.15,17.77,17.02,17.58,0
3/26/2025,18.33,19.07,16.97,17.23,0
3/27/2025,18.69,19.28,17.95,18.36,0
3/28/2025,21.65,22.18,18.92,19.08,0
3/31/2025,22.28,24.8,21.67,24.11,0
4/1/2025,21.77,23.52,21.58,22.06,0
4/2/2025,21.51,23.66,20.68,22.3,0
4/3/2025,30.02,30.02,24.93,26.38,0
4/4/2025,45.31,45.61,29.99,30.12,0
4/7/2025,46.98,60.13,38.58,60.13,0
4/8/2025,52.33,57.52,36.48,44.04,0
4/9/2025,33.62,57.96,31.9,50.98,0
4/10/2025,40.72,54.87,34.44,34.44,0
4/11/2025,37.56,46.12,36.85,40.8,0
4/14/2025,30.89,35.17,29.75,34.76,0
4/15/2025,30.12,31.45,28.29,30.01,0
4/16/2025,32.64,34.96,29.48,33.24,0
4/17/2025,29.65,32.55,29.57,30.79,0
4/21/2025,33.82,35.75,31.79,32.75,0
4/22/2025,30.57,32.68,30.08,32.61,0
4/23/2025,28.45,30.29,27.11,28.75,0
4/24/2025,26.47,29.66,26.36,28.69,0
4/25/2025,24.84,27.2,24.84,26.22,0
4/28/2025,25.15,26.93,24.7,25.75,0
4/29/2025,24.17,25.99,23.76,24.76,0
4/30/2025,24.7,28.17,24.23,24.35,0
5/1/2025,24.6,25.18,23.3,23.94,0
5/2/2025,22.68,24.32,22.34,23.63,0
5/5/2025,23.64,24.63,22.81,24.25,0
5/6/2025,24.76,25.11,23.9,23.97,0
5/7/2025,23.55,25.62,23.29,24.56,0
5/8/2025,22.48,23.61,21.88,22.84,0
5/9/2025,21.9,22.82,21.83,22.4,0
5/12/2025,18.39,20.44,18.14,19.84,0
5/13/2025,18.22,18.85,17.65,18.69,0
5/14/2025,18.62,18.82,18.06,18.1,0
5/15/2025,17.83,19.38,17.77,19.19,0
5/16/2025,17.24,17.96,17.15,17.96,0
5/19/2025,18.14,19.92,17.92,19.84,0
5/20/2025,18.09,18.68,17.7,18.46,0
5/21/2025,20.87,21.05,17.77,18.77,0
5/22/2025,20.28,22.07,19.64,20.62,0
5/23/2025,22.29,25.53,19.83,20.14,0
5/27/2025,18.96,21.01,18.95,20.63,0
5/28/2025,19.31,19.43,18.68,19.21,0
5/29/2025,19.18,20.2,18.11,18.25,0
5/30/2025,18.57,20.55,18.57,19.61,0
6/2/2025,18.36,20.45,18.36,19.81,0
6/3/2025,17.69,19.21,17.64,18.83,0
6/4/2025,17.61,18.07,17.41,17.68,0
6/5/2025,18.48,18.8,17.08,17.68,0
6/6/2025,16.77,18.35,16.65,18.16,0
6/9/2025,17.16,17.72,16.82,17.69,0
6/10/2025,16.95,17.99,16.68,17.5,0
6/11/2025,17.26,18.09,16.23,17.04,0
6/12/2025,18.02,18.87,17.43,17.87,0
6/13/2025,20.82,22,18.88,21.76,0
6/16/2025,19.11,20.22,18.67,19.78,0
6/17/2025,21.6,21.79,19.55,20.53,0
6/18/2025,20.14,21.58,19.59,20.9,0
6/20/2025,20.62,21.07,19.11,20.74,0
6/23/2025,19.83,22.51,19.82,21.15,0
6/24/2025,17.48,18.72,17.33,18.19,0
6/25/2025,16.76,17.51,16.68,17.28,0
6/26/2025,16.59,16.78,16.11,16.67,0
6/27/2025,16.32,17.29,16.12,16.31,0
6/30/2025,16.73,17.43,16.55,17.19,0
7/1/2025,16.83,17.48,16.51,16.98,0
7/2/2025,16.64,17.37,16.54,16.75,0
7/3/2025,16.38,16.83,16.14,16.65,0
7/7/2025,17.79,18.5,17.51,17.83,0
7/8/2025,16.81,17.44,16.54,17.41,0
7/9/2025,15.94,16.76,15.76,16.76,0
7/10/2025,15.78,16.24,15.7,16.23,0
7/11/2025,16.4,17.24,15.98,16.41,0
7/14/2025,17.2,17.85,16.91,17.73,0
7/15/2025,17.38,17.39,16.56,16.89,0
7/16/2025,17.16,19.48,16.69,17.66,0
7/17/2025,16.52,17.37,16.48,17.16,0
7/18/2025,16.41,16.81,16.28,16.43,0
7/21/2025,16.65,16.99,16.3,16.87,0
7/22/2025,16.5,17.48,16.43,16.75,0
7/23/2025,15.37,16.32,15.32,16.23,0
7/24/2025,15.39,15.54,14.95,15.39,0
7/25/2025,14.93,15.39,14.92,15.33,0
7/28/2025,15.03,15.54,15,15.15,0
7/29/2025,15.98,16.12,14.7,14.95,0
7/30/2025,15.48,17.27,15.44,15.87,0
7/31/2025,16.72,17.17,14.74,14.99,0
8/1/2025,20.38,21.9,17.39,17.4,0
8/4/2025,17.52,19.58,17.48,19.56,0
8/5/2025,17.85,18.94,17.11,17.21,0
8/6/2025,16.77,17.88,16.56,17.22,0
8/7/2025,16.57,17.64,15.98,16.41,0
8/8/2025,15.15,16.52,15.15,16.48,0
8/11/2025,16.25,16.36,15.52,15.81,0
8/12/2025,14.73,16.56,14.66,16.09,0
8/13/2025,14.49,14.81,14.3,14.62,0
8/14/2025,14.83,15.39,14.57,14.66,0
8/15/2025,15.09,15.18,14.4,14.43,0
8/18/2025,14.99,15.95,14.95,15.73,0
8/19/2025,15.57,15.91,14.76,15.23,0
8/20/2025,15.69,17.19,15.57,15.95,0
8/21/2025,16.6,17.24,15.65,15.72,0
8/22/2025,14.22,16.83,14.21,16.81,0
8/25/2025,14.79,15.19,14.24,15.05,0
8/26/2025,14.62,15.75,14.62,15.75,0
8/27/2025,14.85,15.23,14.66,14.66,0
8/28/2025,14.43,14.69,14.12,14.42,0
8/29/2025,15.36,15.97,14.31,14.31,0
9/2/2025,17.17,19.38,16.55,16.65,0
9/3/2025,16.35,17.57,16.34,17.4,0
9/4/2025,15.3,16.35,15.28,16.22,0
9/5/2025,15.18,16.92,14.74,15.23,0
9/8/2025,15.11,15.65,14.99,15.58,0
9/9/2025,15.04,15.82,14.97,15.02,0
9/10/2025,15.35,15.63,14.63,14.98,0
9/11/2025,14.71,15.24,14.65,15.19,0
9/12/2025,14.76,14.97,14.41,14.62,0
9/15/2025,15.69,15.84,14.92,15.14,0
9/16/2025,16.36,16.38,15.44,15.6,0
9/17/2025,15.72,16.75,15.26,16.42,0
9/18/2025,15.7,15.8,14.33,14.93,0
9/19/2025,15.45,16.13,15.29,15.76,0
9/22/2025,16.1,16.35,15.78,16.14,0
9/23/2025,16.64,17.07,15.95,16.1,0
9/24/2025,16.18,17.21,16.18,16.57,0
9/25/2025,16.74,17.74,16.32,16.55,0
9/26/2025,15.29,17.05,15.29,16.89,0
9/29/2025,16.12,16.29,15.74,15.84,0
9/30/2025,16.28,16.7,16.02,16.49,0
10/1/2025,16.29,17.28,15.98,17.28,0
10/2/2025,16.63,16.92,15.93,16.12,0
10/3/2025,16.65,17.06,16.2,16.35,0
10/6/2025,16.37,17.09,16.29,16.74,0
10/7/2025,17.24,17.55,16.19,16.58,0
10/8/2025,16.3,17.2,16.23,17.17,0
10/9/2025,16.43,17.27,16.26,16.31,0
10/10/2025,21.66,22.44,16.23,16.36,0
10/13/2025,19.03,20.77,18.61,19.45,0
10/14/2025,20.81,22.94,19.18,21.46,0
10/15/2025,20.64,22.44,19.11,20.02,0
10/16/2025,25.31,25.43,19.85,20.49,0
10/17/2025,20.78,28.99,20.73,28.41,0
10/20/2025,18.23,21.02,18.23,20.53,0
10/21/2025,17.87,18.89,17.4,18.65,0
10/22/2025,18.6,21.01,17.73,17.84,0
10/23/2025,17.3,19.35,17.08,18.36,0
10/24/2025,16.37,17.22,16.02,17.02,0
10/27/2025,15.79,16.07,15.62,15.73,0
10/28/2025,16.42,16.55,15.66,15.95,0
10/29/2025,16.92,17.58,16.26,16.34,0
10/30/2025,16.91,17.41,15.73,16.26,0
10/31/2025,17.44,18.54,15.96,16.43,0
11/3/2025,17.17,18.83,17,18.06,0
11/4/2025,19,20.48,17.9,19.73,0
11/5/2025,18.01,20.02,17.31,19.37,0
11/6/2025,19.5,20.31,17.64,18.36,0
11/7/2025,19.08,22.72,19.08,19.52,0
11/10/2025,17.6,18.82,17.6,18.58,0
11/11/2025,17.28,18.01,17.25,17.9,0